CustomerID,Churn_Actual,Churn_Pred,Churn_Prob,RiskLevel,CustomerGrade,MonthlyOrderFreq,Dormancy_Shock,Recency_Tenure_Ratio,CashbackPerOrder,Promo_Sensitivity,Satisfaction_Per_Order,IssueIndex,Silent_Killer,Stagnant_Loyal,OrderAmountHikeFromlastYear,Tenure_log,NumberOfAddress
C0001,0,0,0.0179,안전,Platinum,0.4706,2.7692,0.4706,20.19,0.6667,0.1111,0,1,0,21.0,2.8904,3
C0002,0,0,1e-04,안전,Platinum,0.0385,0.5,0.2692,104.67,0.0,0.5,1,0,0,18.0,3.2958,8
C0003,0,0,0.0005,안전,Platinum,0.4,3.375,1.8,56.41,0.6667,0.3333,0,1,0,24.0,1.7918,3
C0004,0,0,0.0002,안전,Platinum,0.08,0.2143,0.08,44.04,0.0,0.6667,0,1,0,15.0,3.2581,8
C0005,0,0,0.2358,관심,Gold,2.25,4.2857,1.5,19.85,0.8,0.3,1,0,0,19.0,1.6094,2
C0006,0,0,0.0005,안전,Platinum,0.0833,0.7778,0.2917,80.0,0.6667,0.3333,0,1,0,14.0,3.2189,5
C0007,0,0,0.0574,안전,Platinum,0.6667,2.5714,0.5,19.72,0.7778,0.2222,0,1,0,19.0,2.5649,5
C0008,0,0,0.0037,안전,Platinum,0.1053,0.4091,0.1579,49.23,0.3333,0.6667,0,1,0,15.0,2.9957,5
C0009,0,0,0.0413,안전,Platinum,0.4,0.75,0.4,64.44,0.3333,1.6667,1,0,0,13.0,1.7918,3
C0010,0,0,0.014,안전,Platinum,0.15,0.0,0.0,60.0,0.25,0.5,1,0,0,11.0,3.0445,2
C0011,0,0,0.0009,안전,Platinum,0.0625,0.2222,0.125,74.38,0.5,2.0,0,0,0,12.0,2.8332,6
C0012,1,1,0.9769,고위험,Risk,10.0,8.1818,90.0,93.61,0.5,2.5,0,0,0,12.0,0.0,2
C0013,0,0,0.01,안전,Platinum,0.5263,4.4,0.6316,16.1,0.5455,0.4545,0,0,0,19.0,2.9957,3
C0014,0,0,0.0025,안전,Platinum,0.3182,2.1333,0.3636,20.69,0.875,0.125,0,1,0,15.0,3.1355,4
C0015,0,0,0.001,안전,Platinum,1.0,5.4,4.5,56.86,0.3333,1.6667,0,0,0,13.0,1.0986,3
C0016,0,0,0.0098,안전,Platinum,0.3684,2.0741,0.3684,30.0,0.375,0.5,1,0,0,12.0,2.9957,4
C0017,0,0,0.0494,안전,Platinum,0.25,1.0,0.75,60.22,0.0,0.5,0,1,0,11.0,1.6094,2
C0018,0,0,0.008,안전,Platinum,0.25,0.5455,0.25,45.02,0.3333,1.0,1,0,0,14.0,2.1972,1
C0019,0,0,0.0227,안전,Platinum,0.4,0.6667,0.2,47.21,0.0,0.4,1,0,0,18.0,2.3979,3
C0020,0,0,0.0028,안전,Platinum,0.1667,0.7273,0.2222,46.08,0.5,1.0,0,0,0,13.0,2.9444,11
C0021,0,0,0.2295,관심,Gold,30.0,2.7273,30.0,36.85,0.25,1.25,1,0,0,13.0,0.0,2
C0022,0,0,0.0009,안전,Platinum,0.8667,3.3793,0.4667,17.14,0.2143,0.3571,0,0,0,17.0,2.7726,1
C0023,1,1,0.9018,위험,Risk,0.0714,0.0,0.0,60.09,0.5,2.5,0,0,0,14.0,2.7081,4
C0024,0,0,0.0059,안전,Platinum,0.05,0.0,0.0,74.89,0.0,2.0,0,0,0,11.0,3.0445,8
C0025,0,0,0.0023,안전,Platinum,0.1429,0.8889,0.5714,88.78,0.5,1.0,0,1,0,17.0,2.0794,1
C0026,0,0,0.0013,안전,Platinum,0.1,0.3333,0.2,68.14,0.0,1.5,0,0,0,18.0,2.3979,5
C0027,0,0,0.3837,관심,Gold,0.1,0.5,0.3,64.98,0.5,1.5,1,0,0,15.0,2.3979,8
C0028,0,0,0.005,안전,Platinum,0.3333,2.6667,1.3333,50.73,0.6667,1.3333,0,0,0,15.0,1.9459,4
C0029,0,0,0.0076,안전,Platinum,0.125,0.4737,0.1875,50.25,0.3333,1.6667,0,0,0,17.0,2.8332,5
C0030,0,0,0.0077,안전,Platinum,1.0,1.7143,1.0,41.21,0.5,0.25,0,1,0,18.0,1.3863,2
C0031,0,0,0.0121,안전,Platinum,0.2222,1.25,0.5556,62.14,0.3333,1.0,1,0,0,17.0,2.3026,5
C0032,0,0,0.0007,안전,Platinum,0.3077,2.3143,0.3462,26.67,0.4444,0.1111,0,1,0,15.0,3.2958,4
C0033,1,1,0.9536,고위험,Risk,2.0,2.25,3.0,51.36,0.6667,1.0,0,0,0,16.0,0.6931,5
C0034,0,0,0.0531,안전,Platinum,0.125,0.2,0.125,71.24,0.5,1.5,1,0,0,11.0,2.1972,2
C0035,0,0,0.0344,안전,Platinum,2.0,2.8571,2.0,31.39,0.4,1.0,0,0,0,13.0,1.0986,3
C0036,0,0,0.0046,안전,Platinum,0.1053,0.5455,0.2105,59.66,0.3333,1.0,0,0,0,13.0,2.9957,6
C0037,0,0,0.0012,안전,Platinum,0.3333,0.9231,0.3333,37.52,0.75,0.75,0,0,0,14.0,2.3026,5
C0038,0,0,0.0014,안전,Platinum,1.0,4.8,4.0,67.18,0.3333,1.3333,0,0,0,18.0,1.0986,2
C0039,0,0,0.0624,안전,Platinum,0.1111,0.3636,0.2222,78.24,0.5,2.5,0,0,0,13.0,2.3026,5
C0040,0,0,0.0182,안전,Platinum,0.0769,0.0,0.0,67.72,0.5,1.5,0,0,0,16.0,2.6391,10
C0041,0,0,0.0023,안전,Platinum,0.2353,2.2727,0.5882,48.0,0.4,0.8,0,0,0,12.0,2.8904,3
C0042,1,1,0.8519,위험,Risk,2.0,4.5,6.0,48.53,0.3333,1.0,0,0,0,15.0,0.6931,2
C0043,0,0,0.0487,안전,Platinum,0.2222,1.75,0.7778,75.74,0.3333,1.0,0,0,0,22.0,2.3026,5
C0044,0,0,0.0126,안전,Platinum,0.7333,2.6667,0.4,12.42,0.3333,0.25,0,0,0,25.0,2.7726,2
C0045,0,0,0.1669,안전,Platinum,0.2,0.0,0.0,64.14,0.0,2.5,0,0,0,12.0,1.7918,2
C0046,0,0,0.291,관심,Gold,10.0,1.8182,20.0,67.24,0.0,1.5,0,0,0,11.0,0.0,2
C0047,0,0,0.0182,안전,Platinum,2.0,6.0,8.0,63.33,0.3333,1.0,0,0,0,15.0,0.6931,2
C0048,0,0,0.007,안전,Platinum,0.6667,2.0,1.3333,71.18,0.3333,0.3333,0,1,0,20.0,1.3863,3
C0049,0,0,0.0006,안전,Platinum,0.1481,1.4063,0.3333,48.0,0.4,0.4,0,1,0,19.0,3.3322,8
C0050,0,0,0.0006,안전,Platinum,0.4286,0.0,0.0,18.14,0.1538,0.3077,1,0,0,15.0,3.3673,2
C0051,0,0,0.3925,관심,Gold,0.5,1.2857,0.75,43.55,0.0,1.6667,1,0,0,13.0,1.6094,2
C0052,0,0,0.0064,안전,Platinum,0.25,1.0909,0.5,53.74,0.3333,0.6667,1,0,0,14.0,2.1972,3
C0053,0,0,0.0009,안전,Platinum,0.25,0.2727,0.125,50.28,0.6667,1.0,0,0,0,18.0,2.1972,2
C0054,1,1,0.9844,고위험,Risk,10.0,0.0,0.0,78.82,0.0,2.0,0,0,0,11.0,0.0,6
C0055,0,0,0.0074,안전,Platinum,0.6667,1.7143,0.3333,24.92,0.6667,0.4444,0,0,0,12.0,2.5649,2
C0056,1,1,0.972,고위험,Risk,0.1667,0.2,0.0833,59.6,0.3333,1.0,1,0,0,14.0,2.5649,11
C0057,0,0,0.007,안전,Platinum,0.5,2.88,0.5,19.83,0.3333,0.1111,1,0,0,17.0,2.8332,2
C0058,0,0,0.029,안전,VIP,3.0,1.6,2.0,37.25,0.25,0.5,0,1,0,14.0,0.6931,2
C0059,0,0,0.0011,안전,Platinum,0.1,0.3529,0.1,41.89,0.75,1.25,1,0,1,19.0,3.434,6
C0060,1,1,0.9986,고위험,Risk,70.0,7.2727,80.0,15.86,0.625,0.25,1,0,0,13.0,0.0,2
C0061,0,0,0.0009,안전,Platinum,0.2,1.4737,0.4667,35.83,0.75,0.75,0,0,0,12.0,2.7726,2
C0062,0,0,0.0081,안전,Platinum,0.625,4.2857,1.25,29.74,0.3333,0.8333,0,0,0,21.0,2.1972,2
C0063,0,0,0.0743,안전,Platinum,0.5,3.0,3.0,81.92,0.0,1.5,0,0,0,17.0,1.0986,9
C0064,1,0,0.3488,관심,Gold,3.2,6.9545,1.8,14.12,0.5882,0.1765,0,0,0,14.0,1.7918,3
C0065,0,1,0.5018,주의,Silver,0.3333,0.9231,0.3333,37.9,0.75,0.75,1,0,0,12.0,2.3026,9
C0066,0,0,0.0022,안전,Platinum,0.0455,0.0,0.0,72.5,0.5,1.5,0,0,0,24.0,3.1355,9
C0067,0,1,0.5143,주의,Silver,0.1053,0.1364,0.0526,80.0,0.6667,1.6667,1,0,0,15.0,2.9957,6
C0068,0,0,0.0004,안전,Platinum,1.0,4.8,1.2857,19.29,0.875,0.5,0,0,0,12.0,2.0794,2
C0069,0,0,0.0,안전,Platinum,0.0741,0.4,0.1481,80.0,0.3333,1.0,0,0,0,20.0,3.3322,5
C0070,0,1,0.6325,주의,Silver,0.1429,0.4444,0.2857,60.4,0.0,2.5,0,0,0,11.0,2.0794,3
C0071,0,0,0.0159,안전,Platinum,0.1111,1.2727,0.7778,78.36,0.5,1.5,1,0,0,13.0,2.3026,2
C0072,1,1,0.8312,위험,Risk,10.0,0.0,0.0,63.46,0.5,0.5,0,1,0,19.0,0.0,2
C0073,0,0,0.0025,안전,Platinum,0.2222,1.087,0.2778,28.77,0.6,1.0,0,0,0,15.0,2.9444,2
C0074,0,0,0.0528,안전,Platinum,0.0909,1.0769,0.6364,93.43,0.0,0.5,0,1,0,22.0,2.4849,5
C0075,1,1,0.8229,위험,Risk,2.0,6.0,8.0,48.73,0.3333,1.6667,1,0,0,12.0,0.6931,3
C0076,0,0,0.0047,안전,Platinum,0.0667,0.4706,0.2667,72.61,0.0,0.5,0,1,0,11.0,2.7726,1
C0077,0,0,0.009,안전,Platinum,0.1667,1.75,1.1667,65.28,0.0,2.0,0,0,0,15.0,1.9459,6
C0078,0,0,0.0028,안전,Platinum,1.25,4.0526,0.875,16.93,0.1818,0.4545,0,0,0,13.0,2.1972,3
C0079,0,0,0.0795,안전,VIP,10.0,1.8182,20.0,81.16,0.5,1.5,0,0,0,11.0,0.0,3
C0080,1,1,0.9434,위험,Risk,10.0,1.8182,20.0,64.43,0.0,1.5,1,0,0,16.0,0.0,2
C0081,0,0,0.0208,안전,VIP,10.0,3.6364,40.0,67.22,0.0,0.5,0,1,0,11.0,0.0,2
C0082,1,1,0.8054,위험,Risk,10.0,0.0,0.0,66.94,0.0,1.5,1,0,0,17.0,0.0,1
C0083,0,0,0.0009,안전,Platinum,0.0769,0.5172,0.1923,80.0,0.3333,0.6667,0,1,0,14.0,3.2958,4
C0084,0,0,0.0049,안전,Platinum,0.1667,0.5,0.3333,76.84,0.0,0.5,1,0,0,25.0,1.9459,2
C0085,0,0,0.0121,안전,Platinum,0.2857,1.2,0.5714,74.99,0.6667,0.3333,0,1,0,14.0,2.0794,8
C0086,1,1,0.9741,고위험,Risk,0.1053,0.0,0.0,60.45,0.0,1.5,1,0,0,15.0,2.3514,7
C0087,1,1,0.8074,위험,Risk,2.0,0.75,1.0,45.87,0.3333,1.3333,0,0,0,13.0,0.6931,3
C0088,0,0,0.0032,안전,Platinum,1.0,3.0,2.5,48.57,0.6667,0.3333,0,1,0,24.0,1.0986,3
C0089,1,1,0.9292,위험,Risk,2.0,2.25,3.0,54.96,0.6667,1.0,1,0,0,12.0,0.6931,3
C0090,0,0,0.0034,안전,Platinum,0.3333,2.8,2.3333,107.08,0.0,2.5,1,0,0,12.0,1.3863,1
C0091,0,0,0.0169,안전,Platinum,0.0625,0.2222,0.125,62.19,0.5,1.5,0,0,0,13.0,2.8332,5
C0092,0,0,0.1437,안전,Platinum,0.0909,0.4615,0.2727,78.33,0.0,1.0,1,0,0,13.0,2.4849,2
C0093,1,1,0.9959,고위험,Risk,70.0,6.3636,70.0,21.94,0.5,0.125,1,0,0,12.0,0.0,1
C0094,1,1,0.9814,고위험,Risk,0.25,0.0,0.0,59.3,0.5,2.0,1,0,0,25.0,1.6094,2
C0095,0,0,0.0,안전,Platinum,0.0645,0.8824,0.3226,59.07,0.3333,0.6667,1,0,1,19.0,3.4657,2
C0096,0,0,0.0835,안전,Platinum,2.0,3.0,4.0,48.36,0.3333,1.0,0,0,0,14.0,0.6931,3
C0097,0,0,0.0025,안전,Platinum,0.125,0.6316,0.25,62.57,0.3333,1.6667,0,0,0,17.0,2.8332,9
C0098,0,0,0.0013,안전,Platinum,0.08,0.1071,0.04,62.11,0.6667,1.0,0,0,0,18.0,3.2581,4
C0099,1,1,0.9537,고위험,Risk,0.6364,2.9474,0.6364,15.82,0.125,0.375,1,0,0,11.0,2.4849,3
C0100,1,1,0.8708,위험,Risk,0.0625,1.0,0.5625,100.84,0.0,0.5,0,1,0,16.0,2.8332,1
C0101,0,0,0.0027,안전,Platinum,0.9167,3.5,0.5833,17.45,0.5,0.25,0,0,0,25.0,2.5649,1
C0102,1,1,0.9393,위험,Risk,2.0,1.5,2.0,49.31,0.3333,1.0,0,0,0,13.0,0.6931,3
C0103,0,0,0.0887,안전,Platinum,0.125,0.4,0.25,62.25,0.0,2.5,0,0,0,19.0,2.1972,2
C0104,0,0,0.0106,안전,Platinum,0.125,0.2,0.125,62.8,0.0,2.5,0,0,0,11.0,2.1972,2
C0105,0,0,0.0917,안전,Platinum,0.2308,2.1176,0.6923,60.0,2.5,0.25,0,1,0,17.0,2.6391,3
C0106,0,0,0.0971,안전,Platinum,0.4211,2.5714,0.4211,22.16,0.4444,0.4444,0,0,0,13.0,2.9957,3
C0107,0,0,0.0686,안전,Platinum,2.0,2.25,3.0,50.0,0.3333,1.6667,0,0,0,15.0,0.6931,3
C0108,0,0,0.0589,안전,Platinum,0.1429,3.0,1.2143,49.07,0.3333,1.6667,1,0,0,13.0,2.7081,3
C0109,0,0,0.0,안전,Platinum,0.7778,4.2353,1.0,19.88,0.75,0.375,0,0,0,18.0,2.3026,3
C0110,0,0,0.0112,안전,Platinum,0.2,0.8571,0.6,67.17,0.0,1.5,0,0,0,13.0,1.7918,7
C0111,0,0,0.2873,관심,Gold,0.0714,0.25,0.1429,85.41,0.0,1.5,1,0,0,16.0,2.7081,4
C0112,0,0,0.0007,안전,Platinum,0.8235,7.9688,1.0,16.0,0.2,0.3333,0,0,0,13.0,2.8904,4
C0113,1,1,0.9954,고위험,Risk,20.0,1.8182,20.0,51.47,0.0,0.3333,1,0,0,14.0,0.0,7
C0114,1,1,0.9772,고위험,Risk,0.2105,1.875,0.4737,48.0,0.4,0.6,1,0,0,18.0,2.9957,8
C0115,0,0,0.0185,안전,Platinum,0.2222,0.75,0.3333,60.63,0.6667,1.0,1,0,0,15.0,2.3026,3
C0116,0,0,0.001,안전,Platinum,0.2857,2.1053,0.5714,33.49,0.2,0.8,0,0,0,25.0,2.7081,3
C0117,0,0,0.0008,안전,Platinum,0.1111,0.1818,0.1111,73.32,0.0,1.5,1,0,0,12.0,2.3026,10
C0118,0,0,0.0128,안전,Platinum,0.4286,3.6667,0.7857,25.97,0.2857,0.5714,0,0,0,15.0,2.7081,5
C0119,0,1,0.8858,위험,Risk,2.0,0.75,1.0,50.65,0.6667,1.3333,0,0,0,12.0,0.6931,3
C0120,1,0,0.4325,관심,Gold,10.0,0.0,0.0,62.82,0.5,1.0,0,1,0,12.0,0.0,2
C0121,0,0,0.0009,안전,Platinum,0.1,1.1667,0.7,79.96,0.0,1.5,0,0,0,18.0,2.3979,2
C0122,0,0,0.0271,안전,Platinum,2.0,0.7143,0.5,35.84,0.8,0.4,0,1,0,14.0,1.0986,2
C0123,0,0,0.0079,안전,Platinum,0.1667,1.0,0.6667,68.0,0.5,1.5,0,0,0,13.0,1.9459,2
C0124,0,0,0.0086,안전,Platinum,0.5,1.2,0.5,38.11,0.25,1.0,0,0,0,21.0,1.9459,3
C0125,0,0,0.0611,안전,Platinum,0.1667,0.5,0.3333,99.99,0.5,1.0,0,1,0,13.0,1.9459,7
C0126,0,0,0.0039,안전,Platinum,0.1667,0.4,0.1667,47.09,0.3333,0.3333,0,1,0,18.0,2.5649,3
C0127,0,0,0.0039,안전,Platinum,0.4444,2.0,0.3333,26.67,0.3333,0.4444,0,0,0,11.0,2.9444,2
C0128,0,0,0.0009,안전,Platinum,0.1667,2.0,1.3333,70.18,0.0,2.5,0,0,0,22.0,1.9459,2
C0129,1,1,0.9685,고위험,Risk,0.25,0.0,0.0,58.38,0.5,1.5,1,0,0,19.0,1.6094,2
C0130,0,0,0.0031,안전,Platinum,0.1765,0.5714,0.1765,45.16,0.5,0.25,0,1,0,14.0,2.8904,6
C0131,0,0,0.0034,안전,Platinum,1.0,1.6667,0.75,25.82,0.6,0.6,0,0,0,17.0,1.6094,2
C0132,0,0,0.0073,안전,Platinum,0.6667,1.7143,0.3333,24.92,0.4444,0.4444,0,0,0,12.0,2.5649,2
C0133,0,0,0.0038,안전,Platinum,0.25,1.0,0.75,67.39,0.0,1.5,0,0,0,14.0,1.6094,2
C0134,0,0,0.0375,안전,Platinum,2.0,1.5,2.0,51.65,0.6667,0.6667,1,0,0,13.0,0.6931,3
C0135,0,0,0.1157,안전,Platinum,0.5,1.7143,1.0,55.38,0.6667,1.6667,0,0,0,20.0,1.6094,10
C0136,1,1,0.9207,위험,Risk,10.0,0.0,0.0,55.4,0.0,0.5,0,1,0,13.0,0.0,2
C0137,1,1,0.9227,위험,Risk,0.25,0.9231,0.2,29.1,0.3333,0.6667,1,0,0,19.0,3.0445,11
C0138,0,0,0.0435,안전,Platinum,0.6667,2.0,1.3333,50.11,0.6667,0.6667,0,1,0,15.0,1.3863,8
C0139,0,0,0.0036,안전,Platinum,0.2632,3.12,0.6842,30.16,0.8333,0.5,0,0,0,14.0,2.9957,3
C0140,0,0,0.0729,안전,Platinum,0.5,2.5789,0.5833,33.01,0.2857,0.4286,0,0,0,13.0,2.5649,2
C0141,1,1,0.8561,위험,Risk,2.0,2.25,3.0,49.74,0.3333,1.3333,0,0,0,18.0,0.6931,2
C0142,0,0,0.0296,안전,Platinum,0.3333,2.3333,1.1667,73.7,0.6667,1.0,0,0,0,14.0,1.9459,5
C0143,0,0,0.0578,안전,Platinum,1.0,0.0,0.0,64.28,0.5,2.0,0,0,0,19.0,0.6931,2
C0144,0,0,0.025,안전,Platinum,0.2222,2.0,0.8889,49.19,0.6667,1.0,0,0,0,13.0,2.3026,8
C0145,0,0,0.0002,안전,Platinum,0.0588,0.6545,0.1765,43.5,0.5,0.75,0,0,1,25.0,3.9512,2
C0146,0,0,0.0002,안전,Platinum,0.8333,6.5882,0.7778,15.0,0.1875,0.3125,0,0,0,14.0,2.9444,3
C0147,1,1,0.8236,위험,Risk,10.0,6.3636,70.0,63.54,0.5,2.5,0,0,0,20.0,0.0,8
C0148,0,0,0.0091,안전,Platinum,0.2857,1.75,0.3333,20.07,0.5714,0.2857,0,1,0,14.0,3.091,3
C0149,1,1,0.9643,고위험,Risk,0.1429,1.2353,0.5,41.54,0.3333,1.0,1,0,0,12.0,2.7081,10
C0150,0,0,0.0131,안전,Platinum,0.4,0.375,0.2,80.0,0.3333,1.3333,0,0,0,12.0,1.7918,5
C0151,1,1,0.7571,주의,Silver,2.0,6.0,8.0,49.55,0.3333,1.0,1,0,0,15.0,0.6931,3
C0152,0,0,0.0059,안전,Platinum,0.1176,0.3,0.1176,77.73,0.6667,1.6667,0,0,0,12.0,2.8904,10
C0153,0,0,0.2688,관심,Gold,8.0,6.3,7.0,17.07,0.4444,0.5556,0,0,0,14.0,0.6931,2
C0154,0,0,0.0133,안전,Platinum,0.1333,0.5,0.2,63.1,0.3333,1.3333,0,0,0,20.0,2.7726,8
C0155,0,0,0.1527,안전,Platinum,0.1667,0.4,0.1667,51.86,0.3333,1.0,1,0,0,14.0,2.5649,8
C0156,0,0,0.0944,안전,Platinum,0.5,0.4286,0.25,64.59,0.6667,0.6667,1,0,0,25.0,1.6094,7
C0157,0,0,0.0024,안전,Platinum,0.0952,1.0,0.381,55.54,0.6667,0.3333,1,0,0,18.0,3.091,3
C0158,0,0,0.0019,안전,Platinum,0.1,0.5,0.3,67.5,0.0,1.5,0,0,0,14.0,2.3979,1
C0159,1,1,0.7386,주의,Silver,5.5,2.5714,1.5,18.47,0.8333,0.0833,0,1,0,11.0,1.0986,8
C0160,0,0,0.0193,안전,Platinum,0.1667,0.6,0.25,61.92,0.3333,1.0,0,0,0,12.0,2.5649,5
C0161,1,1,0.9019,위험,Risk,2.0,0.75,1.0,45.27,0.3333,0.3333,0,1,0,14.0,0.6931,3
C0162,1,1,0.852,위험,Risk,0.0769,0.1333,0.0769,83.64,0.5,1.5,0,0,0,12.0,2.6391,8
C0163,0,0,0.0615,안전,Platinum,1.0,2.4,2.0,57.99,0.6667,1.6667,0,0,0,15.0,1.0986,2
C0164,0,0,0.0067,안전,Platinum,0.1667,0.2,0.0833,66.17,0.6667,1.3333,0,0,0,17.0,2.5649,9
C0165,0,0,0.1906,안전,Platinum,3.0,2.4,3.0,36.31,0.75,1.0,0,0,0,19.0,0.6931,8
C0166,0,0,0.0035,안전,Platinum,0.1111,0.0,0.0,68.44,0.0,1.0,0,1,0,18.0,2.3026,5
C0167,1,1,0.6209,주의,Silver,0.6,6.2222,2.8,59.4,0.5,1.25,1,0,0,12.0,1.7918,1
C0168,0,0,0.0128,안전,Platinum,0.0909,0.3077,0.1818,80.39,0.0,1.5,0,0,0,11.0,2.4849,4
C0169,0,0,0.0341,안전,VIP,50.0,6.3636,70.0,21.57,0.3333,0.5,0,0,0,23.0,0.0,2
C0170,1,1,0.9141,위험,Risk,0.5,1.7143,1.0,48.89,0.3333,1.6667,1,0,0,15.0,1.6094,5
C0171,0,0,0.0387,안전,Platinum,0.6667,3.1818,1.1667,43.0,0.6,0.2,0,1,0,15.0,1.9459,3
C0172,1,1,0.7713,주의,Silver,10.0,6.3636,70.0,63.54,0.5,2.5,0,0,0,20.0,0.0,8
C0173,0,0,0.1329,안전,Platinum,0.25,0.0,0.0,62.5,0.5,2.0,0,0,0,17.0,1.6094,2
C0174,0,0,0.0061,안전,Platinum,0.1333,0.6667,0.2667,48.76,0.3333,1.0,1,0,0,13.0,2.7726,4
C0175,0,0,0.0947,안전,Platinum,0.2222,0.25,0.1111,58.64,0.6667,1.6667,0,0,0,12.0,2.3026,4
C0176,0,0,0.0006,안전,Platinum,0.1,0.3333,0.2,68.14,0.5,1.5,0,0,0,18.0,2.3979,5
C0177,0,0,0.0194,안전,Platinum,0.125,1.6,1.0,89.12,0.0,1.0,0,1,0,13.0,2.1972,7
C0178,0,0,0.0238,안전,Platinum,0.1429,0.0,0.0,64.9,0.5,1.0,0,1,0,17.0,2.0794,4
C0179,1,1,0.9981,고위험,Risk,2.0,0.75,1.0,52.24,0.3333,1.6667,1,0,0,12.0,0.6931,4
C0180,1,1,0.9386,위험,Risk,10.0,0.0,0.0,63.4,0.0,2.0,0,0,0,13.0,0.0,2
C0181,0,0,0.0135,안전,Platinum,0.2857,0.9,0.4286,59.56,0.3333,0.3333,1,0,0,26.0,2.0794,3
C0182,1,1,0.9984,고위험,Risk,70.0,6.3636,70.0,16.67,0.125,0.375,1,0,0,13.0,0.0,4
C0183,0,0,0.0453,안전,Platinum,0.8,3.3158,0.7,23.73,0.6667,0.1111,0,1,0,12.0,2.3979,2
C0184,0,0,0.0032,안전,Platinum,0.25,2.3333,1.75,107.78,0.5,0.5,0,1,0,21.0,1.6094,10
C0185,0,0,0.0063,안전,Platinum,0.5,1.1538,0.375,28.46,0.2,0.6,0,0,0,15.0,2.1972,1
C0186,1,1,0.9996,고위험,Risk,10.0,0.0,0.0,62.36,0.5,2.0,1,0,0,23.0,0.0,2
C0187,0,0,0.0007,안전,Platinum,0.7143,4.6154,1.4286,24.07,0.0,0.6667,0,0,0,13.0,2.0794,5
C0188,0,0,0.0186,안전,VIP,30.0,3.6364,40.0,32.9,0.0,0.5,0,1,0,17.0,0.0,1
C0189,0,0,0.0961,안전,Platinum,0.5,0.4286,0.25,49.92,0.6667,1.3333,0,0,0,19.0,1.6094,3
C0190,0,0,0.2054,관심,Gold,0.25,0.8182,0.375,66.28,0.3333,1.6667,1,0,0,13.0,2.1972,3
C0191,0,0,0.3354,관심,Gold,0.0909,0.0,0.0,84.3,0.5,1.0,1,0,0,12.0,2.4849,9
C0192,0,0,1e-04,안전,Platinum,0.04,0.2963,0.16,65.74,0.5,1.5,0,0,0,20.0,3.2581,9
C0193,0,0,0.0042,안전,Platinum,0.1818,1.0714,0.4545,62.82,0.3333,0.6667,0,1,0,17.0,2.4849,9
C0194,1,1,0.9954,고위험,Risk,0.25,0.0,0.0,59.39,0.5,2.0,1,0,0,14.0,1.6094,2
C0195,0,0,0.0008,안전,Platinum,0.0588,0.2105,0.1176,78.72,0.5,0.5,1,0,0,11.0,2.8904,5
C0196,1,1,0.7182,주의,Silver,0.25,0.0,0.0,59.52,0.5,1.5,0,0,0,12.0,1.6094,2
C0197,0,0,0.0023,안전,Platinum,0.2857,0.3,0.1429,40.48,0.0,0.3333,0,1,0,14.0,2.0794,1
C0198,0,0,0.0007,안전,Platinum,0.0667,0.2353,0.1333,72.78,0.5,1.5,0,0,0,11.0,2.7726,3
C0199,0,0,0.0181,안전,Platinum,2.0,1.5,2.0,42.35,0.0,0.3333,0,1,0,15.0,0.6931,2
C0200,0,0,0.0301,안전,Platinum,0.6667,5.0,3.3333,68.29,0.3333,1.6667,0,0,0,14.0,1.3863,3
C0201,1,1,0.8761,위험,Risk,0.5,0.4286,0.25,48.39,0.6667,1.6667,0,0,0,15.0,1.6094,5
C0202,0,0,0.0132,안전,Platinum,0.1538,0.75,0.3077,80.0,0.3333,0.3333,0,1,0,14.0,2.6391,4
C0203,0,0,0.0032,안전,Platinum,0.3333,0.8,0.6667,80.59,0.0,1.5,0,0,0,13.0,1.3863,2
C0204,0,1,0.5106,주의,Silver,2.0,0.75,1.0,48.76,0.6667,1.3333,0,0,0,22.0,0.6931,3
C0205,0,0,0.0009,안전,Platinum,0.1053,0.2727,0.1053,80.0,0.3333,0.3333,0,1,0,14.0,2.9957,10
C0206,0,0,0.0,안전,Platinum,0.037,0.2759,0.1481,72.2,0.0,2.5,1,0,0,19.0,3.3322,7
C0207,0,0,0.0121,안전,Platinum,0.1111,0.1429,0.0556,49.3,0.6667,1.0,0,0,0,14.0,2.9444,4
C0208,0,0,0.0003,안전,Platinum,0.0769,0.1034,0.0385,80.0,0.3333,0.6667,0,1,0,23.0,3.2958,5
C0209,1,1,0.9957,고위험,Risk,2.0,0.75,1.0,50.2,0.6667,1.6667,0,0,0,12.0,0.6931,9
C0210,0,0,0.008,안전,Platinum,1.25,3.0,1.25,31.8,0.6667,0.5,0,0,0,12.0,1.6094,2
C0211,0,0,0.0012,안전,Platinum,0.1333,0.1667,0.0667,80.0,0.3333,0.6667,1,0,0,19.0,2.7726,5
C0212,0,0,0.0069,안전,Platinum,0.7778,3.2941,0.7778,18.11,0.25,0.5,0,0,0,12.0,2.3026,5
C0213,0,0,0.0072,안전,Platinum,0.2857,1.5,0.7143,60.02,0.6667,0.3333,0,1,0,15.0,2.0794,3
C0214,0,0,1e-04,안전,Platinum,0.087,0.4615,0.1739,80.0,0.6667,1.3333,0,0,0,18.0,3.1781,8
C0215,1,1,0.5159,주의,Silver,0.1429,1.1111,0.7143,60.29,0.0,1.5,0,0,0,14.0,2.0794,1
C0216,0,0,0.0048,안전,Platinum,0.3448,3.3,0.4138,21.82,0.4545,0.2727,0,0,0,14.0,3.4012,6
C0217,1,1,0.9765,고위험,Risk,2.0,0.75,1.0,49.66,0.3333,1.6667,1,0,0,18.0,0.6931,3
C0218,0,0,0.0117,안전,Platinum,0.8571,4.5,1.2857,34.29,0.4286,0.7143,0,0,0,14.0,2.0794,8
C0219,0,0,0.0148,안전,Platinum,1.0,3.0,2.5,58.12,0.6667,0.3333,0,1,0,14.0,1.0986,3
C0220,0,0,0.0981,안전,VIP,3.0,2.4,3.0,32.99,0.25,1.25,0,0,0,12.0,0.6931,2
C0221,0,0,0.0065,안전,Platinum,0.3333,2.2857,0.5333,22.79,0.0,0.1667,0,1,0,13.0,2.7726,2
C0222,0,0,0.0023,안전,Platinum,0.2222,3.5,1.5556,68.65,0.3333,1.3333,0,0,0,14.0,2.3026,2
C0223,0,0,0.0005,안전,Platinum,0.0333,0.4375,0.2333,109.52,0.0,1.0,1,0,1,14.0,3.434,4
C0224,0,0,0.3442,관심,Gold,0.0952,0.125,0.0476,51.59,0.3333,1.0,0,0,0,20.0,3.091,5
C0225,0,0,0.003,안전,Platinum,0.2857,0.9,0.4286,56.07,0.3333,1.3333,0,0,0,14.0,2.0794,3
C0226,0,1,0.7171,주의,Silver,0.1579,0.5217,0.1579,58.15,0.5,1.25,1,0,0,13.0,2.9957,6
C0227,0,0,0.0364,안전,Platinum,0.5,0.0,0.0,62.26,0.0,1.5,0,0,0,18.0,1.0986,7
C0228,0,0,0.0004,안전,Platinum,0.3636,2.0323,0.3182,16.52,0.8889,0.5556,0,0,0,13.0,3.1355,10
C0229,0,0,0.0236,안전,Platinum,1.5,2.0,1.5,40.92,0.25,0.25,1,0,0,13.0,1.0986,3
C0230,0,0,0.0115,안전,Platinum,0.25,0.3333,0.25,56.11,0.0,1.5,0,0,0,22.0,1.6094,2
C0231,0,0,0.1474,안전,Platinum,0.0714,0.375,0.2143,61.39,0.0,2.0,1,0,0,11.0,2.7081,4
C0232,0,0,0.004,안전,Platinum,0.25,0.8182,0.375,54.12,0.6667,0.6667,0,1,0,20.0,2.1972,2
C0233,0,0,0.0826,안전,VIP,3.0,2.4,3.0,32.99,0.25,1.25,0,0,0,12.0,0.6931,2
C0234,1,1,0.8584,위험,Risk,2.0,0.75,1.0,53.28,0.3333,1.0,0,0,0,12.0,0.6931,4
C0235,1,1,0.9894,고위험,Risk,0.1111,0.0,0.0,61.42,0.5,1.0,1,0,0,23.0,2.3026,19
C0236,0,0,0.0042,안전,Platinum,1.0833,1.6154,0.25,17.14,0.4286,0.0714,0,1,0,14.0,2.5649,2
C0237,1,1,0.9587,고위험,Risk,2.0,0.75,1.0,51.52,0.6667,1.6667,0,0,0,18.0,0.6931,2
C0238,0,0,0.0003,안전,Platinum,0.0435,0.48,0.2609,120.0,0.5,2.0,0,0,0,14.0,3.1781,4
C0239,0,0,0.012,안전,Platinum,2.0,2.25,3.0,51.06,0.3333,1.6667,0,0,0,17.0,0.6931,4
C0240,0,0,0.0005,안전,Platinum,0.0385,0.1429,0.0769,85.02,0.0,0.5,0,1,0,15.0,3.2958,4
C0241,0,0,0.0065,안전,Platinum,0.625,6.4286,1.875,34.48,0.5,0.5,1,0,0,20.0,2.1972,2
C0242,0,0,0.1253,안전,Platinum,0.2143,2.6667,0.8571,58.39,0.5,0.25,0,1,0,12.0,2.7081,9
C0243,0,0,0.0,안전,Platinum,0.1613,0.6486,0.129,40.0,0.5,0.1667,1,0,1,14.0,3.4657,5
C0244,0,0,0.0146,안전,Platinum,0.9333,3.5,0.4667,15.3,0.4,0.2,1,0,0,14.0,2.7726,2
C0245,0,0,0.0033,안전,Platinum,0.1667,0.5,0.3333,85.52,0.0,1.5,0,0,0,12.0,1.9459,1
C0246,0,0,0.0017,안전,Platinum,0.3333,2.1818,0.3333,26.67,0.5556,0.3333,1,0,0,14.0,3.2189,4
C0247,0,0,0.0108,안전,Platinum,0.2222,0.5,0.2222,41.81,0.6667,1.0,0,0,0,13.0,2.3026,5
C0248,0,0,0.2334,관심,Gold,1.0,1.8,1.5,48.6,0.6667,1.6667,0,0,0,12.0,1.0986,4
C0249,0,0,0.0004,안전,Platinum,0.069,0.0937,0.0345,80.0,0.3333,1.6667,0,0,0,14.0,3.4012,10
C0250,0,0,0.4882,관심,Gold,10.0,0.9091,10.0,62.83,0.0,1.5,1,0,0,15.0,0.0,2
C0251,1,1,0.6264,주의,Silver,0.6667,3.75,0.4286,16.0,0.5333,0.2667,1,0,0,14.0,3.091,9
C0252,0,0,0.0006,안전,Platinum,0.9167,5.0,0.8333,12.13,0.1667,0.25,0,0,0,11.0,2.5649,2
C0253,0,0,0.0277,안전,Platinum,0.2,0.5714,0.4,69.66,0.5,2.0,0,0,0,11.0,1.7918,3
C0254,0,0,1e-04,안전,Platinum,0.4839,5.1064,0.4839,15.0,0.1875,0.25,0,0,1,23.0,3.4657,6
C0255,0,0,0.0672,안전,Platinum,0.5,2.0,2.0,79.34,0.5,1.5,0,0,0,11.0,1.0986,10
C0256,1,1,0.9952,고위험,Risk,20.0,1.8182,20.0,51.47,0.3333,0.3333,1,0,0,14.0,0.0,7
C0257,1,1,0.9878,고위험,Risk,70.0,6.3636,70.0,19.77,0.0,0.125,1,0,0,18.0,0.0,2
C0258,0,0,0.003,안전,Platinum,0.069,0.4687,0.1724,80.0,0.6667,1.3333,1,0,0,14.0,3.4012,6
C0259,0,0,0.0714,안전,Platinum,2.0,7.0,3.3333,18.67,0.7143,0.7143,0,0,0,11.0,1.3863,2
C0260,0,0,0.0013,안전,Platinum,0.0833,1.0,0.5833,65.34,0.0,1.5,0,0,0,15.0,2.5649,1
C0261,0,0,0.0028,안전,Platinum,0.3333,0.9231,0.3333,37.19,0.5,0.25,0,1,0,14.0,2.3026,3
C0262,0,0,0.0357,안전,Platinum,0.4118,4.8,0.8824,30.0,0.5,0.375,0,0,0,14.0,2.8904,9
C0263,0,0,0.4654,관심,Gold,2.0,2.25,3.0,54.92,0.3333,1.0,1,0,0,20.0,0.6931,8
C0264,0,0,0.0035,안전,Platinum,0.2,1.8462,0.8,53.97,0.3333,1.3333,0,0,0,13.0,2.3979,3
C0265,0,0,1e-04,안전,Platinum,0.3333,2.8,2.3333,76.47,0.5,1.5,0,0,0,16.0,1.3863,4
C0266,0,0,0.0072,안전,Platinum,0.0526,0.6667,0.3684,104.22,0.5,1.5,0,0,0,13.0,2.9957,7
C0267,0,0,0.0092,안전,Platinum,0.1,0.1667,0.1,70.98,0.0,2.0,1,0,0,12.0,2.3979,3
C0268,0,0,0.0188,안전,Platinum,0.1538,1.3125,0.5385,74.97,0.6667,1.6667,0,0,0,16.0,2.6391,6
C0269,0,0,0.0008,안전,Platinum,0.5,3.4286,2.0,59.31,0.6667,1.0,0,0,0,17.0,1.6094,5
C0270,0,0,0.0005,안전,Platinum,0.4667,4.6667,0.4667,16.0,0.2,0.2667,0,0,1,22.0,3.434,5
C0271,1,1,0.5774,주의,Silver,0.1429,0.8889,0.5714,60.74,0.0,2.0,1,0,0,11.0,2.0794,1
C0272,0,0,0.0035,안전,Platinum,0.3,0.8571,0.3,37.61,0.75,0.75,0,0,0,14.0,2.3979,6
C0273,0,0,0.0016,안전,Platinum,0.1667,0.6,0.25,51.33,0.3333,1.3333,0,0,0,20.0,2.5649,2
C0274,0,0,0.0044,안전,Platinum,0.0556,0.7,0.3889,120.0,0.5,0.5,0,1,0,14.0,2.9444,1
C0275,0,0,0.0018,안전,Platinum,0.4,1.5,0.8,53.26,0.3333,1.0,0,0,0,15.0,1.7918,3
C0276,0,0,0.0032,안전,Platinum,0.0526,0.7619,0.4211,120.0,0.5,2.0,0,0,0,14.0,2.9957,3
C0277,0,0,0.0032,안전,Platinum,0.6667,1.5,1.0,58.52,0.6667,0.3333,1,0,0,16.0,1.3863,3
C0278,0,0,0.0103,안전,Platinum,0.0625,1.0,0.5625,87.55,0.5,1.5,0,0,0,17.0,2.8332,2
C0279,0,0,0.0105,안전,Platinum,0.7778,3.2941,0.7778,25.32,0.875,0.625,1,0,0,21.0,2.3026,3
C0280,0,0,0.0013,안전,Platinum,0.0909,0.0,0.0,82.76,0.5,1.5,0,0,0,14.0,2.4849,10
C0281,0,0,0.0075,안전,Platinum,0.1111,0.3636,0.2222,77.81,0.0,2.5,1,0,0,13.0,2.3026,4
C0282,0,0,0.0136,안전,Platinum,0.25,0.5455,0.25,68.68,0.3333,0.3333,1,0,0,13.0,2.1972,5
C0283,0,0,0.0057,안전,Platinum,1.0,5.5556,2.5,34.29,0.4,0.4,1,0,0,14.0,1.6094,2
C0284,1,1,0.5525,주의,Silver,0.25,0.0,0.0,56.8,0.5,1.5,0,0,0,12.0,1.6094,2
C0285,0,0,0.0869,안전,Platinum,1.0,3.6842,0.7778,19.98,0.1,0.2,0,1,0,14.0,2.3026,2
C0286,0,0,0.0003,안전,Platinum,0.1364,0.4615,0.1364,41.85,0.25,0.75,0,0,0,14.0,3.1355,4
C0287,0,0,0.0003,안전,Platinum,2.0,3.75,5.0,56.34,0.3333,1.0,0,0,0,17.0,0.6931,3
C0288,1,1,0.9948,고위험,Risk,2.0,3.0,4.0,55.95,0.3333,1.6667,0,0,0,21.0,0.6931,5
C0289,0,0,0.0714,안전,VIP,10.0,6.3636,70.0,107.78,0.5,1.0,0,1,0,21.0,0.0,10
C0290,0,0,0.0387,안전,Platinum,0.375,2.3333,0.875,55.97,0.5,0.25,0,1,0,22.0,2.1972,3
C0291,0,0,0.0084,안전,Platinum,0.125,0.8,0.5,71.61,0.0,1.5,0,0,0,17.0,2.1972,2
C0292,1,1,0.7107,주의,Silver,3.75,6.4,2.0,15.0,0.5625,0.1875,0,0,0,14.0,1.6094,2
C0293,0,0,0.0003,안전,Platinum,0.125,1.4211,0.5625,80.0,0.0,0.3333,1,0,0,22.0,2.8332,6
C0294,0,0,0.3153,관심,Gold,0.25,1.6667,1.25,82.91,0.5,1.0,1,0,0,13.0,1.6094,5
C0295,0,0,0.0055,안전,Platinum,0.0714,0.875,0.5,84.06,0.0,1.5,1,0,0,17.0,2.7081,3
C0296,0,1,0.8169,위험,Risk,4.0,2.5,3.0,33.75,0.6,0.6,0,0,0,16.0,0.6931,3
C0297,1,1,0.8304,위험,Risk,6.0,6.125,7.0,23.13,0.8571,0.2857,1,0,0,16.0,0.6931,3
C0298,0,0,0.2544,관심,Gold,0.4,1.5,0.8,59.44,0.3333,1.6667,0,0,0,14.0,1.7918,9
C0299,0,0,0.0004,안전,Platinum,0.2667,3.5,0.9333,48.0,0.4,0.6,0,0,0,11.0,2.7726,6
C0300,0,0,0.0019,안전,Platinum,0.6,2.8824,0.7,22.82,0.8571,0.7143,1,0,0,13.0,2.3979,5
C0301,0,0,0.0531,안전,Platinum,0.125,0.2,0.125,71.24,0.5,1.5,1,0,0,11.0,2.1972,2
C0302,0,0,0.154,안전,Platinum,2.0,1.5,2.0,45.74,0.3333,1.0,0,0,0,23.0,0.6931,3
C0303,0,0,0.0223,안전,Platinum,0.2,1.8462,0.8,58.6,0.6667,0.6667,0,1,0,14.0,2.3979,6
C0304,0,0,0.0061,안전,Platinum,0.1333,0.1667,0.0667,57.55,0.6667,0.6667,1,0,0,12.0,2.7726,5
C0305,1,1,0.8342,위험,Risk,0.1176,1.05,0.4118,75.56,0.3333,0.3333,0,1,0,17.0,2.8904,2
C0306,0,0,0.0166,안전,Platinum,0.6667,4.0,2.6667,50.05,0.6667,0.3333,0,1,0,23.0,1.3863,6
C0307,0,0,0.4876,관심,Gold,2.0,2.25,3.0,58.33,0.3333,1.0,0,0,0,22.0,0.6931,2
C0308,0,0,0.0016,안전,Platinum,0.2,1.7143,1.2,77.35,0.0,2.0,0,0,0,13.0,1.7918,1
C0309,0,1,0.8195,위험,Risk,0.375,1.0,0.375,46.32,0.5,0.25,0,1,0,13.0,2.1972,7
C0310,0,0,0.0208,안전,Platinum,0.2222,2.25,1.0,67.74,0.3333,0.6667,0,1,0,14.0,2.3026,8
C0311,0,0,0.0157,안전,Platinum,0.1111,0.3636,0.2222,75.66,0.5,2.0,0,0,0,13.0,2.3026,8
C0312,1,1,0.8074,위험,Risk,2.0,0.75,1.0,45.87,0.3333,1.3333,0,0,0,13.0,0.6931,3
C0313,0,0,0.0117,안전,Platinum,0.7143,3.2308,1.0,21.28,0.8333,0.5,0,0,0,12.0,2.0794,4
C0314,0,0,0.0691,안전,VIP,10.0,2.7273,30.0,71.28,0.5,2.5,0,0,0,12.0,0.0,2
C0315,0,0,0.0064,안전,Platinum,0.25,1.5,0.5,40.97,0.0,1.0,0,0,0,15.0,2.5649,10
C0316,0,0,0.3055,관심,Gold,0.0714,0.25,0.1429,60.31,0.0,2.5,0,0,0,14.0,2.7081,4
C0317,0,0,0.0152,안전,Platinum,0.1667,0.6,0.25,54.81,0.3333,0.3333,1,0,0,12.0,2.5649,7
C0318,0,0,0.0018,안전,Platinum,0.5385,0.381,0.0769,19.34,0.875,0.625,0,0,0,12.0,2.6391,1
C0319,0,0,0.0271,안전,Platinum,0.1429,0.0,0.0,64.9,0.0,0.5,0,1,0,17.0,2.0794,4
C0320,0,1,0.815,위험,Risk,0.375,1.0,0.375,46.32,0.75,0.25,0,1,0,13.0,2.1972,7
C0321,0,0,0.3019,관심,Gold,10.0,2.7273,30.0,64.07,0.5,1.5,1,0,0,14.0,0.0,2
C0322,0,0,0.0002,안전,Platinum,0.5714,3.3333,1.1429,33.6,0.4,0.6,0,0,0,21.0,2.0794,2
C0323,1,1,0.8873,위험,Risk,0.2,1.6842,0.5333,37.4,0.25,0.75,1,0,0,13.0,2.7726,11
C0324,1,0,0.3631,관심,Gold,0.25,0.6667,0.5,65.7,0.0,2.0,1,0,0,22.0,1.6094,2
C0325,0,0,0.0059,안전,Platinum,0.1667,1.4,0.5833,71.08,0.3333,1.0,0,0,0,19.0,2.5649,2
C0326,0,0,0.0297,안전,Platinum,0.0588,0.3158,0.1765,77.27,0.5,2.5,1,0,0,21.0,2.8904,6
C0327,0,0,0.0146,안전,Platinum,0.75,1.8667,0.5,28.96,0.2857,0.5714,0,0,0,18.0,2.1972,3
C0328,0,0,0.0028,안전,Platinum,0.08,0.1071,0.04,50.74,0.6667,0.6667,0,1,0,12.0,3.2581,3
C0329,0,0,0.4081,관심,Gold,0.5,0.0,0.0,63.21,0.0,1.5,0,0,0,11.0,1.0986,2
C0330,0,0,0.0037,안전,Platinum,0.4333,3.5,0.3667,14.48,0.2143,0.3571,0,0,1,19.0,3.434,5
C0331,0,0,0.2113,관심,Gold,2.0,2.25,3.0,53.66,0.6667,1.3333,0,0,0,23.0,0.6931,10
C0332,0,0,0.0083,안전,Platinum,0.3333,2.6667,1.3333,49.57,0.3333,1.3333,0,0,0,14.0,1.9459,3
C0333,0,0,0.0158,안전,Platinum,0.1429,0.6667,0.4286,60.94,0.0,1.5,0,0,0,12.0,2.0794,1
C0334,0,0,0.0009,안전,VIP,2.3333,5.0909,2.3333,19.13,0.5,0.25,0,1,0,23.0,1.3863,8
C0335,1,1,0.9924,고위험,Risk,20.0,1.8182,20.0,44.88,0.6667,0.6667,1,0,0,13.0,0.0,6
C0336,0,0,0.007,안전,Platinum,1.1818,10.08,1.6364,11.1,0.7857,0.3571,0,0,0,13.0,2.4849,3
C0337,0,1,0.5967,주의,Silver,10.0,0.0,0.0,64.68,0.0,0.5,1,0,0,13.0,0.0,2
C0338,0,0,0.019,안전,Platinum,0.04,0.0,0.0,67.41,0.5,0.5,0,1,0,15.0,3.2581,3
C0339,0,0,0.001,안전,Platinum,0.4286,0.0,0.0,18.46,0.0769,0.1538,0,1,0,13.0,3.3673,3
C0340,0,0,0.0258,안전,Platinum,0.25,1.0,0.75,76.66,0.5,2.5,0,0,0,13.0,1.6094,8
C0341,0,0,0.0,안전,Platinum,0.0333,0.5625,0.3,76.1,0.0,0.5,1,0,1,18.0,3.434,1
C0342,0,0,0.0045,안전,Platinum,0.2222,0.75,0.3333,54.72,0.3333,0.3333,0,1,0,21.0,2.3026,3
C0343,0,0,0.109,안전,Platinum,10.0,1.8182,20.0,62.5,0.5,2.5,0,0,0,14.0,0.0,2
C0344,1,1,0.607,주의,Silver,0.25,1.6364,0.75,68.26,0.3333,0.6667,0,1,0,12.0,2.1972,3
C0345,0,0,0.0046,안전,Platinum,0.2857,3.0,1.4286,59.96,0.3333,1.0,0,0,0,15.0,2.0794,3
C0346,0,1,0.6156,주의,Silver,2.0,0.75,1.0,49.47,0.6667,1.6667,0,0,0,14.0,0.6931,3
C0347,0,0,0.0178,안전,Platinum,0.1111,1.2727,0.7778,75.4,0.5,1.0,0,1,0,13.0,2.3026,5
C0348,0,0,0.309,관심,Gold,0.2857,0.0,0.0,46.05,0.6667,1.0,1,0,0,17.0,2.0794,2
C0349,0,0,0.0073,안전,Platinum,0.5714,3.1304,0.5714,18.83,0.8889,0.5556,0,0,0,13.0,2.7081,4
C0350,0,0,0.0086,안전,Platinum,0.2857,0.3,0.1429,66.29,0.3333,0.3333,0,1,0,21.0,2.0794,2
C0351,0,0,0.0002,안전,Platinum,0.037,0.3448,0.1852,79.7,0.5,2.5,0,0,0,14.0,3.3322,3
C0352,0,0,0.0004,안전,Platinum,0.0769,0.5172,0.1923,51.5,0.6667,1.6667,0,0,0,14.0,3.2958,11
C0353,0,0,0.1541,안전,Platinum,2.0,3.75,5.0,50.75,0.3333,0.6667,1,0,0,12.0,0.6931,3
C0354,1,1,0.8183,위험,Risk,6.0,6.125,7.0,23.13,0.7143,0.1429,1,0,0,16.0,0.6931,3
C0355,0,0,0.1995,안전,Platinum,0.1667,0.4,0.1667,51.86,0.3333,1.0,1,0,0,14.0,2.5649,8
C0356,0,0,1e-04,안전,Platinum,0.16,1.1667,0.28,46.19,0.2,0.8,0,0,0,12.0,3.2581,4
C0357,0,0,0.0015,안전,Platinum,0.2857,0.9,0.4286,53.17,0.6667,0.3333,0,1,0,19.0,2.0794,5
C0358,0,0,0.0013,안전,Platinum,0.1538,1.5,0.6154,51.9,0.3333,1.0,0,0,0,16.0,2.6391,2
C0359,0,0,0.0014,안전,Platinum,0.4,1.875,1.0,56.15,0.3333,1.0,0,0,0,13.0,1.7918,2
C0360,0,0,0.0022,안전,Platinum,0.1538,1.5,0.6154,54.18,0.3333,1.0,0,0,0,12.0,2.6391,3
C0361,0,0,0.047,안전,Platinum,0.6,3.1111,1.4,47.5,0.5,0.5,0,1,0,14.0,1.7918,2
C0362,0,0,0.0016,안전,Platinum,1.8,5.3333,1.6,17.5,0.2,0.5,0,0,0,22.0,1.7918,3
C0363,0,0,0.0005,안전,Platinum,0.1111,0.5714,0.2222,63.22,0.3333,0.3333,1,0,0,14.0,2.9444,4
C0364,0,0,0.0071,안전,Platinum,0.3,2.0741,0.4,22.75,0.4286,0.7143,0,0,0,13.0,3.0445,8
C0365,0,0,0.0006,안전,Platinum,0.5,4.5,1.2,31.81,0.8333,0.3333,1,0,0,18.0,2.3979,2
C0366,0,0,0.0041,안전,Platinum,0.0588,1.0526,0.5882,120.0,0.5,0.5,1,0,0,14.0,2.8904,1
C0367,0,0,0.0077,안전,Platinum,0.125,0.8,0.5,50.0,0.0,2.5,0,0,0,16.0,2.1972,1
C0368,1,1,0.8834,위험,Risk,2.0,1.5,2.0,50.15,0.3333,1.3333,0,0,0,17.0,0.6931,7
C0369,0,0,0.062,안전,Platinum,0.2,1.8462,0.8,65.31,0.6667,1.0,0,0,0,13.0,2.3979,5
C0370,0,0,0.0212,안전,Platinum,0.0769,0.4,0.2308,78.58,0.0,2.0,0,0,0,12.0,2.6391,8
C0371,0,0,0.0298,안전,Platinum,0.1429,0.1765,0.0714,63.39,0.6667,1.6667,1,0,0,17.0,2.7081,4
C0372,1,1,0.6509,주의,Silver,0.25,0.3333,0.25,61.46,0.0,1.5,0,0,0,12.0,1.6094,2
C0373,0,0,1e-04,안전,Platinum,0.0435,0.16,0.087,120.0,0.5,2.5,1,0,0,11.0,3.1781,5
C0374,0,0,0.0012,안전,Platinum,0.0667,0.2353,0.1333,80.31,0.0,1.0,1,0,0,13.0,2.7726,10
C0375,0,0,0.0193,안전,Platinum,0.0625,0.0,0.0,120.0,0.5,2.5,0,0,0,24.0,2.8332,7
C0376,1,1,0.9875,고위험,Risk,20.0,1.8182,20.0,49.29,0.6667,0.3333,1,0,0,14.0,0.0,10
C0377,0,0,1e-04,안전,Platinum,0.0417,0.0,0.0,77.2,0.0,0.5,1,0,0,22.0,3.2189,1
C0378,0,0,0.0139,안전,Platinum,0.0833,0.2857,0.1667,78.68,0.0,1.5,0,0,0,19.0,2.5649,7
C0379,0,0,0.0017,안전,Platinum,0.2308,3.0588,1.0,58.09,1.0,0.75,0,0,0,15.0,2.6391,8
C0380,0,0,0.0204,안전,VIP,10.0,2.7273,30.0,71.3,0.0,1.5,1,0,0,12.0,0.0,2
C0381,0,0,0.0154,안전,Platinum,0.5,0.8571,0.5,40.69,0.6667,1.0,0,0,0,16.0,1.6094,2
C0382,0,0,0.001,안전,Platinum,0.0833,1.3333,0.5,80.0,0.3333,1.6667,0,0,0,16.0,3.2189,7
C0383,0,0,0.0307,안전,VIP,4.0,4.1667,5.0,31.32,0.2,0.2,0,1,0,18.0,0.6931,2
C0384,0,0,0.0006,안전,Platinum,0.8333,8.4706,1.0,15.0,0.1875,0.3125,0,0,0,14.0,2.9444,5
C0385,0,0,0.0329,안전,Platinum,0.1053,0.2727,0.1053,57.83,0.3333,1.0,0,0,0,16.0,2.9957,10
C0386,0,0,0.0002,안전,Platinum,0.0769,1.7586,0.6538,80.0,0.6667,1.6667,0,0,0,15.0,3.2958,3
C0387,1,1,0.5705,주의,Silver,2.0,6.0,8.0,49.55,0.3333,1.0,1,0,0,15.0,0.6931,3
C0388,0,0,0.0158,안전,Platinum,0.1667,0.8,0.3333,70.62,0.3333,0.3333,0,1,0,23.0,2.5649,6
C0389,0,0,0.0053,안전,Platinum,0.125,1.6,1.0,93.94,0.5,1.5,0,0,0,14.0,2.1972,2
C0390,0,0,0.0,안전,Platinum,0.0167,0.0,0.0,120.0,0.5,0.5,1,0,1,13.0,4.1109,5
C0391,0,0,0.0016,안전,Platinum,0.05,0.1818,0.1,72.96,0.5,1.5,1,0,0,17.0,3.0445,4
C0392,1,1,0.9729,고위험,Risk,20.0,1.8182,20.0,44.8,0.6667,1.0,1,0,0,13.0,0.0,2
C0393,0,0,0.1543,안전,Platinum,2.0,3.0,4.0,54.2,0.6667,0.3333,1,0,0,14.0,0.6931,3
C0394,0,0,0.0471,안전,Platinum,0.0769,0.0,0.0,98.52,0.0,2.0,0,0,0,12.0,2.6391,3
C0395,1,1,0.9625,고위험,Risk,2.0,0.75,1.0,49.4,0.3333,1.6667,1,0,0,12.0,0.6931,3
C0396,0,0,0.0619,안전,Platinum,0.1,0.0,0.0,65.11,0.0,2.0,0,0,0,21.0,2.3979,5
C0397,0,0,0.0088,안전,Platinum,0.2,0.4615,0.2,57.26,0.3333,0.6667,0,1,0,19.0,2.3979,4
C0398,0,0,0.005,안전,Platinum,0.25,1.0,0.75,70.74,0.5,2.5,0,0,0,12.0,1.6094,2
C0399,0,0,0.0006,안전,Platinum,0.3667,2.8571,0.3333,20.0,0.0833,0.4167,0,0,1,14.0,3.434,6
C0400,0,0,0.0197,안전,Platinum,0.9286,4.5,0.6429,17.14,0.9286,0.2857,0,0,0,15.0,2.7081,3
C0401,0,0,0.0105,안전,Platinum,0.1765,0.5714,0.1765,48.26,0.5,0.25,0,1,0,19.0,2.8904,5
C0402,1,1,0.8773,위험,Risk,0.05,0.0,0.0,62.4,0.5,1.5,0,0,0,24.0,3.0445,5
C0403,0,0,0.0561,안전,Platinum,0.4286,1.0909,0.4286,37.1,0.75,0.5,0,1,0,20.0,2.0794,2
C0404,0,0,0.0008,안전,Platinum,0.25,1.3636,0.625,67.52,0.6667,0.6667,0,1,0,18.0,2.1972,2
C0405,1,1,0.9986,고위험,Risk,2.0,0.75,1.0,47.25,0.6667,1.0,1,0,0,20.0,0.6931,3
C0406,0,0,0.0086,안전,Platinum,0.7778,4.7059,1.1111,21.52,0.5,0.375,0,0,0,12.0,2.3026,11
C0407,0,0,0.1886,안전,Platinum,10.0,6.3636,70.0,93.63,0.5,1.5,0,0,0,15.0,0.0,2
C0408,0,0,0.0926,안전,Platinum,0.25,0.6667,0.5,61.78,0.0,0.5,1,0,0,19.0,1.6094,4
C0409,0,0,0.0021,안전,Platinum,0.2,0.8571,0.6,75.88,0.5,1.5,0,0,0,12.0,1.7918,6
C0410,1,1,0.8022,위험,Risk,10.0,0.9091,10.0,74.42,0.5,1.5,0,0,0,18.0,0.0,2
C0411,0,0,0.0027,안전,Platinum,0.125,0.3158,0.125,80.0,0.6667,0.3333,0,1,0,14.0,2.8332,10
C0412,0,0,0.0015,안전,Platinum,0.0667,0.2353,0.1333,76.32,0.0,1.5,0,0,0,16.0,2.7726,3
C0413,0,0,0.0688,안전,Platinum,0.3077,2.5,0.6923,46.76,0.4,1.0,1,0,0,14.0,2.6391,3
C0414,0,1,0.5086,주의,Silver,10.0,1.8182,20.0,63.3,0.0,1.0,1,0,0,13.0,0.0,2
C0415,0,0,0.0003,안전,Platinum,0.3333,1.3333,0.6667,73.93,0.6667,0.3333,0,1,0,25.0,1.9459,10
C0416,0,0,0.0369,안전,Platinum,0.4,1.875,1.0,63.61,0.6667,0.3333,1,0,0,12.0,1.7918,4
C0417,0,0,0.0397,안전,Platinum,0.5,1.2857,0.75,61.97,0.3333,0.6667,0,1,0,21.0,1.6094,4
C0418,0,0,0.0004,안전,Platinum,0.2273,2.3571,0.5,27.61,0.8333,0.8333,0,0,0,14.0,3.1355,2
C0419,1,1,0.9941,고위험,Risk,20.0,1.8182,20.0,49.9,0.3333,1.6667,0,0,0,18.0,0.0,9
C0420,1,1,0.9716,고위험,Risk,7.0,7.1111,8.0,23.35,0.5,0.375,1,0,0,16.0,0.6931,3
C0421,0,0,0.0016,안전,Platinum,0.25,0.6667,0.5,65.33,0.5,1.5,0,0,0,19.0,1.6094,1
C0422,0,0,0.1358,안전,Platinum,0.4,1.125,0.6,49.52,0.6667,0.6667,1,0,0,20.0,1.7918,5
C0423,0,0,0.0027,안전,Platinum,0.1818,0.6429,0.2727,66.64,0.6667,0.3333,0,1,0,18.0,2.4849,6
C0424,0,0,0.0004,안전,Platinum,0.1,0.9412,0.2667,60.0,0.75,1.25,0,0,1,12.0,3.434,11
C0425,0,0,0.0022,안전,Platinum,0.75,7.1724,1.0,18.46,0.0769,0.0769,0,1,0,14.0,2.8332,3
C0426,0,0,0.0085,안전,Platinum,0.8,4.5946,0.5,14.12,0.4118,0.2941,0,0,0,15.0,3.0445,10
C0427,0,0,0.0011,안전,Platinum,1.75,4.6667,1.75,21.16,0.375,0.125,0,1,0,11.0,1.6094,5
C0428,1,1,0.9983,고위험,Risk,10.0,0.0,0.0,65.86,0.0,2.5,1,0,0,11.0,0.0,3
C0429,0,0,0.175,안전,Platinum,2.0,2.25,3.0,53.35,0.6667,1.0,0,0,0,19.0,0.6931,3
C0430,1,1,0.9338,위험,Risk,0.25,0.2727,0.125,52.2,0.3333,1.0,1,0,0,23.0,2.1972,5
C0431,0,0,0.0043,안전,Platinum,0.5,1.0,1.0,68.8,0.5,0.5,0,1,0,15.0,1.0986,2
C0432,0,0,0.0079,안전,Platinum,0.375,4.2609,0.875,34.29,0.8571,0.4286,0,0,0,14.0,2.8332,8
C0433,0,0,0.0002,안전,Platinum,0.2143,0.4,0.0714,34.29,0.4286,0.7143,0,0,0,15.0,3.3673,8
C0434,0,0,0.0003,안전,Platinum,0.0645,0.4412,0.1613,80.0,0.3333,0.6667,1,0,1,15.0,3.4657,5
C0435,0,0,0.0911,안전,Platinum,0.25,1.0909,0.5,51.65,0.6667,1.6667,0,0,0,15.0,2.1972,7
C0436,0,0,0.0002,안전,Platinum,0.6522,2.8718,0.3043,15.0,0.1875,0.1875,0,0,0,15.0,3.1781,1
C0437,0,0,0.0093,안전,Platinum,0.0909,0.3077,0.1818,81.44,0.5,2.5,0,0,0,15.0,2.4849,3
C0438,0,0,0.0012,안전,Platinum,0.1111,0.3636,0.2222,71.87,0.5,1.5,0,0,0,15.0,2.3026,1
C0439,0,0,0.0003,안전,Platinum,0.5714,3.3333,1.1429,33.6,0.0,0.6,0,0,0,21.0,2.0794,2
C0440,0,0,0.0003,안전,Platinum,0.8,3.5,1.4,30.62,0.2,0.2,0,1,0,15.0,1.7918,2
C0441,0,0,0.0002,안전,Platinum,0.0455,0.3333,0.1818,66.06,0.5,2.5,0,0,0,14.0,3.1355,2
C0442,0,0,0.0497,안전,Platinum,0.15,0.5,0.15,60.0,0.5,0.25,1,0,0,14.0,3.0445,9
C0443,0,0,0.0162,안전,Platinum,0.3636,3.75,1.0909,31.96,0.0,1.0,1,0,0,12.0,2.4849,7
C0444,1,1,0.9989,고위험,Risk,7.0,7.1111,8.0,21.35,0.75,0.125,1,0,0,25.0,0.6931,5
C0445,0,0,0.0002,안전,Platinum,0.0357,0.5333,0.2857,77.08,0.5,1.0,1,0,0,19.0,3.3673,4
C0446,1,1,0.8965,위험,Risk,0.1429,0.4444,0.2857,64.68,0.5,1.5,1,0,0,11.0,2.0794,2
C0447,0,0,0.0242,안전,Platinum,2.0,6.0,8.0,62.38,0.3333,1.3333,0,0,0,19.0,0.6931,3
C0448,0,0,0.0065,안전,Platinum,0.2,0.8571,0.6,72.02,0.0,0.5,0,1,0,11.0,1.7918,3
C0449,0,0,0.0706,안전,Platinum,2.0,3.0,4.0,55.85,0.6667,1.6667,0,0,0,13.0,0.6931,3
C0450,0,0,0.0077,안전,Platinum,0.2143,0.8889,0.2857,60.0,0.25,1.0,0,0,0,19.0,2.7081,2
C0451,0,0,0.0573,안전,Platinum,2.0,3.0,4.0,55.54,0.6667,1.0,1,0,0,13.0,0.6931,3
C0452,0,0,0.0099,안전,Platinum,0.0556,0.2,0.1111,103.8,0.0,2.5,1,0,0,12.0,2.9444,5
C0453,0,0,0.0011,안전,Platinum,0.2857,2.7,1.2857,55.12,0.3333,1.6667,0,0,0,23.0,2.0794,3
C0454,0,0,0.0043,안전,Platinum,1.8,4.0,1.2,18.36,0.1,0.2,1,0,0,12.0,1.7918,2
C0455,0,0,0.002,안전,Platinum,0.3333,1.3333,0.6667,58.92,0.6667,1.0,0,0,0,13.0,1.9459,7
C0456,0,0,0.4971,관심,Gold,7.0,8.0,9.0,18.42,0.375,0.625,1,0,0,15.0,0.6931,3
C0457,0,0,0.0044,안전,Platinum,0.1875,2.2,0.6875,60.0,0.25,0.75,1,0,0,15.0,2.8332,2
C0458,0,0,0.0969,안전,Platinum,0.1111,0.4286,0.1667,49.79,0.3333,0.3333,1,0,0,13.0,2.9444,8
C0459,0,0,0.0004,안전,Platinum,0.28,1.9394,0.32,30.0,0.375,0.125,0,1,0,15.0,3.2581,3
C0460,0,0,0.0017,안전,Platinum,0.0588,0.1053,0.0588,120.0,0.0,0.5,1,0,0,14.0,2.8904,5
C0461,0,0,0.0019,안전,Platinum,0.3333,1.3333,0.6667,58.92,0.6667,1.0,0,0,0,13.0,1.9459,7
C0462,0,0,0.2881,관심,Gold,10.0,0.9091,10.0,65.29,0.0,2.0,1,0,0,16.0,0.0,1
C0463,0,0,0.0227,안전,Platinum,0.0909,1.3846,0.8182,76.72,0.0,0.5,0,1,0,11.0,2.4849,2
C0464,1,1,0.5106,주의,Silver,10.0,0.0,0.0,62.82,0.0,0.5,0,1,0,12.0,0.0,2
C0465,0,0,0.0006,안전,Platinum,0.037,0.2759,0.1481,102.51,0.5,1.5,0,0,0,17.0,3.3322,8
C0466,0,0,0.0005,안전,Platinum,0.1818,0.2143,0.0909,57.27,0.6667,0.3333,0,1,0,18.0,2.4849,5
C0467,0,0,0.018,안전,Platinum,0.4545,0.0,0.0,21.41,0.1667,0.5,0,0,0,13.0,2.4849,2
C0468,0,0,1e-04,안전,Platinum,0.0833,1.5556,0.5833,62.82,0.6667,1.0,0,0,0,13.0,3.2189,2
C0469,0,0,0.0006,안전,Platinum,0.25,0.8182,0.375,56.35,0.3333,1.0,0,0,0,13.0,2.1972,4
C0470,0,0,0.0078,안전,Platinum,0.6667,1.5,1.0,59.58,0.6667,1.6667,0,0,0,13.0,1.3863,2
C0471,0,0,0.0004,안전,Platinum,0.5,4.2857,2.5,60.92,0.6667,0.3333,0,1,0,14.0,1.6094,3
C0472,0,0,0.0446,안전,Platinum,0.2857,0.6,0.2857,50.41,0.3333,1.3333,0,0,0,22.0,2.0794,8
C0473,0,0,0.0245,안전,Platinum,0.2,3.7895,1.2,43.05,0.5,1.25,1,0,0,14.0,2.7726,4
C0474,0,0,0.0004,안전,Platinum,0.7143,5.0769,1.5714,25.47,0.3333,0.3333,0,1,0,14.0,2.0794,2
C0475,0,0,0.0002,안전,Platinum,0.069,0.2812,0.1034,78.25,0.3333,1.3333,0,0,0,19.0,3.4012,5
C0476,0,0,0.0843,안전,VIP,10.0,2.7273,30.0,72.44,0.0,0.5,1,0,0,11.0,0.0,2
C0477,0,0,0.0003,안전,Platinum,0.08,0.4286,0.16,48.58,0.6667,0.3333,0,1,0,24.0,3.2581,5
C0478,0,0,0.07,안전,Platinum,0.6,5.1212,0.65,18.28,0.0769,0.2308,1,0,0,12.0,3.0445,10
C0479,0,1,0.5692,주의,Silver,3.0,2.4,3.0,38.21,0.25,0.75,0,0,0,20.0,0.6931,3
C0480,0,0,0.0133,안전,Platinum,0.5,3.3158,0.75,24.2,0.2857,0.5714,0,0,0,16.0,2.5649,2
C0481,0,0,0.4172,관심,Gold,10.0,6.3636,70.0,71.47,0.0,2.5,0,0,0,12.0,0.0,2
C0482,1,1,0.9965,고위험,Risk,70.0,6.3636,70.0,15.49,0.5,0.375,1,0,0,13.0,0.0,2
C0483,0,0,0.0002,안전,Platinum,0.0833,0.7778,0.2917,77.05,0.6667,1.0,0,0,0,11.0,3.2189,3
C0484,0,0,0.0003,안전,Platinum,0.5217,1.0833,0.1304,16.34,0.2308,0.2308,1,0,0,15.0,3.1781,3
C0485,0,0,0.0025,안전,Platinum,0.6667,1.0,0.6667,52.64,0.3333,1.3333,0,0,0,15.0,1.3863,2
C0486,0,0,0.008,안전,Platinum,0.3333,1.3333,0.6667,56.34,0.3333,0.3333,0,1,0,12.0,1.9459,4
C0487,0,0,0.0303,안전,Platinum,0.9412,3.5,0.4118,13.37,0.6471,0.0588,0,1,0,15.0,2.8904,5
C0488,1,1,0.9994,고위험,Risk,10.0,0.0,0.0,61.7,0.5,1.0,1,0,0,18.0,0.0,2
C0489,0,0,0.014,안전,Platinum,0.6154,3.2727,0.6154,16.29,0.3333,0.1111,0,1,0,13.0,2.6391,2
C0490,0,0,0.0018,안전,Platinum,0.1111,0.0,0.0,68.44,0.5,0.5,0,1,0,18.0,2.3026,5
C0491,0,0,0.008,안전,Platinum,0.0714,1.0,0.5714,62.26,0.5,1.5,0,0,0,12.0,2.7081,5
C0492,0,0,0.0009,안전,Platinum,0.1,0.5,0.3,67.5,0.5,1.5,0,0,0,14.0,2.3979,1
C0493,0,0,0.0011,안전,Platinum,0.1176,0.45,0.1765,57.46,0.3333,1.0,0,0,0,13.0,2.8904,6
C0494,0,0,0.0034,안전,Platinum,0.2222,4.0,1.7778,77.28,1.3333,1.0,1,0,0,21.0,2.3026,3
C0495,0,0,0.0159,안전,Platinum,1.0,2.0,3.0,74.49,0.5,2.5,0,0,0,14.0,0.6931,1
C0496,0,0,0.0416,안전,Platinum,0.7273,3.15,0.6364,23.7,0.2222,0.4444,0,0,0,14.0,2.4849,3
C0497,0,0,0.029,안전,Platinum,1.125,3.8889,0.875,19.58,0.8,0.3,1,0,0,15.0,2.1972,3
C0498,1,1,0.9966,고위험,Risk,11.0,10.0,11.0,14.25,0.25,0.3333,1,0,0,24.0,0.6931,2
C0499,0,0,0.0056,안전,VIP,20.0,1.8182,20.0,43.72,0.0,0.3333,0,1,0,18.0,0.0,2
C0500,0,0,0.0163,안전,Platinum,0.1905,1.3462,0.3333,42.0,0.2,0.6,0,0,0,14.0,3.091,8
C0501,0,1,0.5566,주의,Silver,10.0,1.8182,20.0,61.9,0.5,2.5,1,0,0,11.0,0.0,2
C0502,0,0,0.2317,관심,Gold,10.0,1.8182,20.0,66.14,0.0,0.5,0,1,0,11.0,0.0,5
C0503,1,1,0.8209,위험,Risk,0.25,0.8182,0.375,51.45,0.6667,1.0,1,0,0,12.0,2.1972,3
C0504,0,0,0.0013,안전,Platinum,0.0526,0.2857,0.1579,101.84,0.0,0.5,1,0,0,12.0,2.9957,5
C0505,0,0,0.0004,안전,Platinum,0.2593,2.9714,0.4815,25.03,0.125,0.5,0,0,0,13.0,3.3322,4
C0506,0,0,0.0121,안전,Platinum,0.2,2.3158,0.7333,60.0,0.75,0.75,0,0,0,14.0,2.7726,3
C0507,1,1,0.9296,위험,Risk,0.1053,0.6818,0.2632,80.0,0.6667,1.6667,1,0,0,14.0,2.9957,7
C0508,0,0,0.0061,안전,Platinum,0.5,1.7143,1.0,74.86,0.6667,1.6667,0,0,0,16.0,1.6094,2
C0509,0,0,0.0005,안전,Platinum,0.0333,0.3125,0.1667,75.86,0.0,0.5,0,1,1,17.0,3.434,6
C0510,0,0,0.0646,안전,Platinum,0.6,3.2941,0.8,29.74,0.2857,0.7143,1,0,0,14.0,2.3979,9
C0511,0,0,0.001,안전,Platinum,0.2,0.9231,0.4,50.24,0.3333,0.3333,0,1,0,18.0,2.3979,6
C0512,0,0,0.007,안전,Platinum,0.3077,1.9444,0.5385,44.23,0.8,0.4,0,1,0,18.0,2.6391,2
C0513,0,0,0.0022,안전,Platinum,0.1875,0.6,0.1875,41.47,0.25,0.25,0,1,0,14.0,2.8332,3
C0514,0,0,0.0024,안전,Platinum,0.2222,1.0,0.4444,50.68,0.3333,1.0,0,0,0,17.0,2.3026,2
C0515,0,1,0.6839,주의,Silver,2.0,0.75,1.0,51.55,0.6667,1.0,0,0,0,19.0,0.6931,2
C0516,0,0,0.0003,안전,Platinum,0.8571,4.3333,0.6429,14.52,0.5385,0.2308,0,0,0,21.0,2.7081,7
C0517,0,0,0.0046,안전,Platinum,0.3333,0.8,0.6667,80.46,0.0,1.0,0,1,0,20.0,1.3863,3
C0518,0,0,0.0024,안전,Platinum,0.5,0.3684,0.0833,21.92,0.2857,0.4286,0,0,0,14.0,2.5649,3
C0519,1,1,0.872,위험,Risk,2.0,2.25,3.0,54.1,0.3333,1.0,1,0,0,15.0,0.6931,2
C0520,1,1,0.9994,고위험,Risk,2.0,0.75,1.0,47.93,0.6667,1.3333,1,0,0,15.0,0.6931,3
C0521,0,0,0.2301,관심,Gold,2.0,0.75,1.0,47.35,0.6667,0.6667,0,1,0,12.0,0.6931,3
C0522,0,0,0.1891,안전,Platinum,0.6,1.7778,0.8,38.91,0.25,1.25,1,0,0,14.0,1.7918,3
C0523,0,0,0.0091,안전,Platinum,0.6,4.6829,0.48,15.0,0.1875,0.1875,1,0,0,18.0,3.2581,2
C0524,0,0,0.0014,안전,Platinum,0.2,2.3077,1.0,67.6,0.6667,0.6667,0,1,0,21.0,2.3979,4
C0525,0,0,0.0507,안전,Platinum,0.25,0.0,0.0,60.42,0.5,1.5,0,0,0,20.0,1.6094,2
C0526,0,0,0.012,안전,Platinum,0.125,0.6316,0.25,62.48,0.3333,1.0,0,0,0,18.0,2.8332,9
C0527,0,1,0.799,주의,Silver,2.0,2.25,3.0,49.6,0.6667,1.6667,1,0,0,12.0,0.6931,3
C0528,0,0,0.2398,관심,Gold,10.0,1.8182,20.0,66.88,0.0,1.5,0,0,0,12.0,0.0,1
C0529,0,0,0.0077,안전,Platinum,0.0833,0.1111,0.0417,49.6,0.6667,0.6667,0,1,0,19.0,3.2189,6
C0530,1,1,0.6932,주의,Silver,0.1667,0.75,0.5,76.73,0.5,1.5,0,0,0,13.0,1.9459,9
C0531,0,0,0.002,안전,Platinum,0.5,1.0,1.0,64.87,0.5,1.5,0,0,0,17.0,1.0986,10
C0532,0,0,0.0159,안전,Platinum,0.25,1.9048,0.5,48.0,0.8,1.0,0,0,0,14.0,2.8332,11
C0533,0,0,0.0188,안전,Platinum,2.0,3.75,5.0,62.27,0.3333,0.6667,0,1,0,24.0,0.6931,3
C0534,1,1,0.609,주의,Silver,3.0,1.6,2.0,42.2,0.75,0.75,0,0,0,18.0,0.6931,8
C0535,0,0,0.0055,안전,Platinum,0.1053,2.1818,0.8421,49.49,0.6667,1.3333,0,0,0,19.0,2.9957,10
C0536,0,0,0.0055,안전,Platinum,0.0714,0.875,0.5,84.06,0.0,1.5,1,0,0,17.0,2.7081,3
C0537,0,0,0.0355,안전,Platinum,0.25,0.0,0.0,60.31,0.5,0.5,0,1,0,21.0,1.6094,2
C0538,0,0,0.0011,안전,Platinum,0.1429,2.0,1.2857,97.74,0.0,1.5,0,0,0,17.0,2.0794,2
C0539,0,0,0.2663,관심,Gold,2.0,2.25,3.0,50.53,0.3333,0.6667,1,0,0,14.0,0.6931,3
C0540,0,0,0.0612,안전,Platinum,2.0,2.25,3.0,62.44,0.6667,1.0,0,0,0,12.0,0.6931,4
C0541,0,0,0.0344,안전,Platinum,0.1429,0.2222,0.1429,60.22,0.5,0.5,0,1,0,13.0,2.0794,1
C0542,0,0,0.0098,안전,Platinum,2.0,3.75,5.0,53.15,0.3333,0.3333,0,1,0,12.0,0.6931,3
C0543,0,0,0.0321,안전,Platinum,0.0714,0.875,0.5,90.94,0.0,1.5,1,0,0,13.0,2.7081,4
C0544,0,0,0.4019,관심,Gold,0.5,1.2857,0.75,43.55,0.6667,1.6667,1,0,0,13.0,1.6094,2
C0545,0,0,0.0062,안전,Platinum,0.0556,0.3,0.1667,77.0,0.5,1.5,0,0,0,12.0,2.9444,5
C0546,0,0,0.309,관심,Gold,0.2857,0.0,0.0,46.05,0.6667,1.0,1,0,0,17.0,2.0794,2
C0547,0,0,0.0073,안전,Platinum,0.25,0.2727,0.125,48.36,0.6667,1.3333,0,0,0,15.0,2.1972,3
C0548,1,1,0.9517,고위험,Risk,0.25,0.0,0.0,57.08,0.0,2.5,0,0,0,13.0,1.6094,2
C0549,1,1,0.9565,고위험,Risk,10.0,3.6364,40.0,65.51,0.0,2.5,0,0,0,22.0,0.0,1
C0550,0,0,0.0007,안전,Platinum,0.0714,0.3871,0.1429,57.9,0.3333,1.0,0,0,0,13.0,3.3673,5
C0551,0,0,0.0009,안전,Platinum,0.037,0.6207,0.3333,120.0,0.5,0.5,0,1,0,14.0,3.3322,4
C0552,0,0,0.0161,안전,Platinum,0.1667,2.0,0.8333,59.48,0.3333,0.3333,0,1,0,12.0,2.5649,3
C0553,0,0,0.0004,안전,Platinum,1.6,5.7857,1.8,20.09,0.1111,0.1111,0,1,0,22.0,1.7918,2
C0554,0,0,0.0007,안전,Platinum,0.3667,2.8571,0.3333,20.0,0.0,0.4167,0,0,1,14.0,3.434,6
C0555,0,0,0.035,안전,Platinum,0.4,0.75,0.4,42.48,0.0,1.3333,0,0,0,20.0,1.7918,2
C0556,0,0,0.0006,안전,Platinum,0.25,1.75,0.5833,49.03,0.75,0.5,0,1,0,17.0,2.5649,1
C0557,1,1,0.9673,고위험,Risk,3.0,2.4,3.0,42.25,0.75,1.25,0,0,0,13.0,0.6931,5
C0558,0,0,0.01,안전,Platinum,0.4,1.125,0.6,51.89,0.3333,1.0,0,0,0,20.0,1.7918,2
C0559,0,0,0.0006,안전,Platinum,0.0455,0.3333,0.1818,72.54,0.0,0.5,0,1,0,12.0,3.1355,4
C0560,0,0,0.0256,안전,Platinum,0.1667,1.6,0.6667,64.64,0.3333,1.6667,0,0,0,16.0,2.5649,5
C0561,1,1,0.9085,위험,Risk,2.0,1.5,2.0,49.63,0.3333,0.6667,1,0,0,14.0,0.6931,3
C0562,0,0,0.0379,안전,Platinum,0.0714,0.0,0.0,63.91,0.0,0.5,0,1,0,22.0,2.7081,4
C0563,0,0,0.0754,안전,Platinum,0.5,2.5,2.5,73.61,0.0,2.5,1,0,0,18.0,1.0986,2
C0564,0,0,0.0092,안전,Platinum,0.3333,1.931,0.3333,20.55,0.875,0.375,0,0,0,14.0,3.091,9
C0565,0,0,0.0314,안전,Platinum,0.1538,0.9375,0.3846,62.07,0.3333,0.3333,1,0,0,13.0,2.6391,5
C0566,0,0,0.0091,안전,Platinum,0.7143,4.4,0.7143,21.82,0.0909,0.2727,0,0,0,14.0,2.7081,3
C0567,0,0,0.0331,안전,Platinum,0.4118,4.8,0.8824,30.0,0.875,0.375,0,0,0,14.0,2.8904,9
C0568,0,0,0.001,안전,Platinum,0.1053,1.2273,0.4737,53.78,0.6667,1.6667,1,0,0,16.0,2.9957,3
C0569,0,0,0.0003,안전,Platinum,1.0,5.1429,3.0,38.05,0.25,0.25,0,1,0,19.0,1.3863,3
C0570,0,0,0.0002,안전,Platinum,1.75,5.3333,2.0,19.48,0.125,0.25,0,1,0,21.0,1.6094,1
C0571,0,0,0.0032,안전,Platinum,0.625,1.7143,0.5,31.07,0.1667,0.5,0,0,0,12.0,2.1972,5
C0572,0,0,0.0021,안전,Platinum,0.3,0.5185,0.1,34.29,0.4286,0.5714,0,0,0,13.0,3.0445,10
C0573,0,0,0.0007,안전,Platinum,0.8667,3.3793,0.4667,17.14,0.2143,0.3571,0,0,0,17.0,2.7726,1
C0574,0,0,0.0308,안전,Platinum,0.5,0.5,0.5,71.68,0.5,1.5,0,0,0,12.0,1.0986,5
C0575,1,1,0.9361,위험,Risk,0.1429,0.0,0.0,65.81,0.0,1.5,1,0,0,22.0,2.0794,4
C0576,1,1,0.9149,위험,Risk,0.0556,0.4,0.2222,120.0,0.5,2.5,1,0,0,14.0,2.9444,6
C0577,0,0,0.0006,안전,Platinum,0.0909,0.3077,0.1818,78.72,0.0,1.0,0,1,0,14.0,2.4849,10
C0578,0,0,0.0171,안전,Platinum,0.1667,0.5,0.3333,69.19,0.0,2.0,0,0,0,11.0,1.9459,9
C0579,0,0,0.0121,안전,Platinum,0.3333,4.0,2.0,78.19,1.0,0.3333,1,0,0,12.0,1.9459,2
C0580,0,0,0.2902,관심,Gold,0.0714,0.0,0.0,60.89,0.0,1.0,0,1,0,17.0,2.7081,4
C0581,0,0,0.0011,안전,Platinum,0.2,2.2857,1.6,76.98,0.0,1.0,0,1,0,12.0,1.7918,2
C0582,0,0,0.0333,안전,Platinum,0.0714,0.0,0.0,65.36,0.5,2.5,0,0,0,16.0,2.7081,3
C0583,0,0,0.0101,안전,Platinum,0.3333,2.2857,0.5333,29.01,0.8333,0.8333,1,0,0,21.0,2.7726,2
C0584,0,0,0.0017,안전,Platinum,0.1,0.3913,0.15,58.4,0.6667,1.3333,1,0,0,23.0,3.0445,3
C0585,0,0,0.0019,안전,Platinum,0.1818,1.9286,0.8182,49.12,0.3333,0.3333,0,1,0,15.0,2.4849,8
C0586,0,0,0.0446,안전,Platinum,0.2,0.6923,0.3,60.49,0.6667,1.6667,0,0,0,14.0,2.3979,6
C0587,1,1,0.9985,고위험,Risk,8.0,7.2,8.0,26.67,0.3333,0.3333,1,0,0,13.0,0.6931,9
C0588,0,0,0.2118,관심,Gold,0.1429,0.1765,0.0714,53.72,0.3333,1.3333,1,0,0,15.0,2.7081,10
C0589,0,0,0.0003,안전,Platinum,2.0,4.9,2.3333,20.9,0.7143,0.2857,0,1,0,12.0,1.3863,1
C0590,0,0,0.0027,안전,Platinum,0.1429,1.9697,0.4643,48.0,0.4,1.0,1,0,0,14.0,3.3673,1
C0591,0,0,0.0295,안전,Platinum,0.5,3.4286,2.0,57.32,0.6667,1.0,1,0,0,19.0,1.6094,9
C0592,0,0,0.0042,안전,Platinum,0.8,0.5,0.2,25.67,0.6,0.8,0,0,0,13.0,1.7918,2
C0593,0,0,0.0303,안전,Platinum,1.2222,4.0,0.7778,19.07,0.0833,0.25,1,0,0,12.0,2.3026,3
C0594,0,0,0.0265,안전,Platinum,0.2308,0.7059,0.2308,41.57,0.5,0.25,0,1,0,19.0,2.6391,4
C0595,1,1,0.9622,고위험,Risk,0.5,3.0,1.75,71.98,0.6667,1.3333,1,0,0,13.0,1.6094,4
C0596,0,0,0.0006,안전,Platinum,0.1364,0.3077,0.0909,60.0,0.25,0.5,0,1,0,15.0,3.1355,4
C0597,0,0,0.0283,안전,Platinum,0.2222,0.5,0.2222,55.83,0.6667,1.0,1,0,0,12.0,2.3026,3
C0598,0,0,0.011,안전,Platinum,0.0769,0.9333,0.5385,69.88,0.5,1.5,0,0,0,11.0,2.6391,4
C0599,0,0,0.2719,관심,Gold,0.1429,0.0,0.0,60.33,0.0,2.5,0,0,0,22.0,2.0794,3
C0600,0,0,0.1614,안전,Platinum,0.6667,1.5,1.0,62.65,0.3333,1.0,1,0,0,13.0,1.3863,10
C0601,0,0,0.0027,안전,Platinum,0.2222,1.0,0.4444,50.68,0.6667,1.0,0,0,0,17.0,2.3026,2
C0602,1,1,0.7584,주의,Silver,2.0,1.5,2.0,50.98,0.3333,0.3333,1,0,0,25.0,0.6931,3
C0603,0,0,1e-04,안전,Platinum,0.0455,0.1667,0.0909,83.26,0.0,1.5,0,0,0,14.0,3.1355,3
C0604,0,0,0.0,안전,Platinum,0.0417,0.2308,0.125,115.71,0.0,2.0,0,0,0,16.0,3.2189,4
C0605,0,0,0.0065,안전,Platinum,0.1176,0.15,0.0588,80.0,0.6667,1.6667,0,0,0,15.0,2.8904,8
C0606,0,0,1e-04,안전,Platinum,0.1333,1.5,0.6,52.92,0.6667,1.0,0,0,0,14.0,2.7726,3
C0607,0,0,0.0071,안전,Platinum,0.1667,1.2,0.5,49.89,0.3333,1.3333,0,0,0,15.0,2.5649,6
C0608,0,0,0.0105,안전,Platinum,0.2414,1.7297,0.2759,23.61,0.875,0.5,1,0,0,15.0,3.4012,5
C0609,1,1,0.9867,고위험,Risk,10.0,2.7273,30.0,62.16,0.0,1.5,1,0,0,14.0,0.0,4
C0610,0,0,0.0066,안전,Platinum,0.3333,0.5882,0.1667,46.93,0.4,0.6,0,0,0,21.0,2.5649,8
C0611,0,0,0.0069,안전,Platinum,0.7857,4.1538,0.6429,13.46,0.25,0.3333,0,0,0,13.0,2.7081,2
C0612,1,1,0.9101,위험,Risk,0.05,0.0,0.0,61.9,0.0,1.0,1,0,0,14.0,3.0445,10
C0613,0,0,0.0156,안전,Platinum,0.0833,0.5714,0.3333,76.02,0.5,0.5,0,1,0,11.0,2.5649,9
C0614,1,1,0.9169,위험,Risk,2.0,0.75,1.0,47.0,0.3333,1.6667,1,0,0,22.0,0.6931,3
C0615,0,0,0.0173,안전,Platinum,0.2778,1.75,0.3889,25.26,0.5,0.5,0,0,0,22.0,2.9444,5
C0616,0,0,0.0015,안전,Platinum,0.5,1.0,1.0,64.87,0.0,1.5,0,0,0,17.0,1.0986,10
C0617,0,0,0.051,안전,Platinum,1.5,5.0909,2.0,17.48,0.7143,0.7143,1,0,0,14.0,1.6094,2
C0618,0,1,0.7857,주의,Silver,4.0,2.5,3.0,33.75,0.2,0.6,0,0,0,16.0,0.6931,3
C0619,1,1,0.9565,고위험,Risk,10.0,3.6364,40.0,65.51,0.0,2.5,0,0,0,22.0,0.0,1
C0620,1,1,0.9118,위험,Risk,2.0,0.75,1.0,51.21,0.6667,1.3333,0,0,0,13.0,0.6931,3
C0621,0,0,0.0532,안전,Platinum,1.5,5.0909,2.0,17.48,0.2857,0.7143,1,0,0,14.0,1.6094,2
C0622,0,0,0.0193,안전,Platinum,1.75,7.3333,2.75,19.46,0.125,0.625,0,0,0,12.0,1.6094,3
C0623,0,0,0.0031,안전,Platinum,0.25,0.8182,0.375,49.37,0.3333,1.3333,0,0,0,16.0,2.1972,4
C0624,0,0,0.1962,안전,Platinum,70.0,5.4545,60.0,16.08,0.875,0.625,0,0,0,13.0,0.0,1
C0625,0,0,0.004,안전,Platinum,0.7143,2.2,0.3571,17.11,0.2727,0.2727,0,0,0,12.0,2.7081,3
C0626,0,0,0.0006,안전,Platinum,0.1935,1.2895,0.2258,32.87,0.2857,0.2857,0,1,1,13.0,3.4657,8
C0627,0,0,0.0204,안전,Platinum,0.2222,0.75,0.3333,58.23,0.6667,0.3333,0,1,0,12.0,2.3026,3
C0628,0,0,1e-04,안전,Platinum,0.125,0.6316,0.25,59.1,0.6667,0.3333,1,0,0,14.0,2.8332,4
C0629,0,0,0.0067,안전,Platinum,0.1667,0.2,0.0833,66.17,0.6667,1.3333,0,0,0,17.0,2.5649,9
C0630,0,0,0.0149,안전,Platinum,1.1429,3.9375,1.0,14.37,0.1111,0.1111,0,1,0,12.0,2.0794,2
C0631,0,0,0.0002,안전,Platinum,0.04,0.1481,0.08,71.29,0.5,1.0,0,1,0,18.0,3.2581,1
C0632,0,0,0.0018,안전,Platinum,0.0909,0.12,0.0455,50.2,0.3333,1.3333,0,0,0,12.0,3.1355,7
C0633,1,1,0.9953,고위험,Risk,2.0,2.25,3.0,51.0,0.6667,1.0,1,0,0,20.0,0.6931,8
C0634,0,0,0.005,안전,Platinum,0.6667,1.0,0.6667,56.14,0.3333,0.6667,0,1,0,20.0,1.3863,2
C0635,0,0,0.0012,안전,Platinum,0.1667,0.8,0.3333,50.37,0.3333,1.0,0,0,0,12.0,2.5649,3
C0636,1,0,0.3631,관심,Gold,0.25,0.6667,0.5,65.7,0.0,2.0,1,0,0,22.0,1.6094,2
C0637,0,0,0.0057,안전,Platinum,0.1667,0.8,0.3333,74.41,0.6667,1.0,0,0,0,20.0,2.5649,5
C0638,0,0,0.0002,안전,Platinum,0.9231,5.5,0.8462,13.12,0.2308,0.2308,0,0,0,12.0,2.6391,3
C0639,1,1,0.8866,위험,Risk,1.0,0.6,0.5,63.91,0.6667,1.6667,1,0,0,20.0,1.0986,9
C0640,0,0,0.002,안전,Platinum,0.0417,0.0,0.0,63.61,0.5,1.0,0,1,0,11.0,3.2189,2
C0641,0,0,0.1395,안전,Platinum,0.25,0.0,0.0,60.04,0.5,2.0,0,0,0,14.0,1.6094,2
C0642,1,1,0.5972,주의,Silver,0.3333,2.1538,0.7778,47.32,0.75,1.0,0,0,0,22.0,2.3026,5
C0643,0,0,0.0004,안전,Platinum,0.0625,0.2222,0.125,73.69,0.0,1.5,0,0,0,12.0,2.8332,5
C0644,0,0,0.0273,안전,Platinum,0.1429,0.6667,0.4286,68.11,0.0,1.0,1,0,0,13.0,2.0794,2
C0645,0,0,0.001,안전,Platinum,2.0,3.0,4.0,59.91,0.6667,0.3333,0,1,0,13.0,0.6931,3
C0646,1,1,0.9853,고위험,Risk,10.0,0.0,0.0,63.0,0.0,2.5,1,0,0,15.0,0.0,2
C0647,0,0,0.0073,안전,Platinum,1.0,0.0,0.0,17.6,0.9,0.3,0,0,0,13.0,2.3026,2
C0648,0,0,0.1457,안전,Platinum,0.4,0.375,0.2,45.43,0.3333,0.3333,1,0,0,12.0,1.7918,3
C0649,0,0,0.003,안전,Platinum,0.0526,0.381,0.2105,86.9,0.0,0.5,0,1,0,11.0,2.9957,3
C0650,0,0,0.0114,안전,Platinum,1.0,0.5333,0.1429,30.0,0.75,0.375,0,0,0,15.0,2.0794,3
C0651,0,0,0.0039,안전,Platinum,0.6,1.3333,0.6,38.23,0.5,0.5,0,1,0,13.0,1.7918,2
C0652,1,1,0.9981,고위험,Risk,2.0,3.0,4.0,69.08,0.3333,1.6667,1,0,0,18.0,0.6931,5
C0653,0,0,0.01,안전,VIP,10.0,3.6364,40.0,81.98,0.5,2.0,0,0,0,20.0,0.0,2
C0654,0,0,0.0058,안전,Platinum,1.5,6.6667,5.0,34.53,0.25,0.25,0,1,0,13.0,1.0986,2
C0655,0,0,0.0221,안전,Platinum,0.0556,0.1,0.0556,74.25,0.0,1.5,0,0,0,15.0,2.9444,9
C0656,1,1,0.9424,위험,Risk,0.1429,0.1765,0.0714,57.43,0.6667,1.0,1,0,0,15.0,2.7081,5
C0657,1,1,0.9194,위험,Risk,0.2143,0.2222,0.0714,58.39,0.75,1.25,1,0,0,14.0,2.7081,6
C0658,0,0,0.0108,안전,Platinum,0.3846,3.1579,0.7692,26.13,0.1667,0.6667,0,0,0,14.0,2.6391,4
C0659,1,1,0.6816,주의,Silver,3.0,1.6,2.0,42.2,0.25,0.75,0,0,0,18.0,0.6931,8
C0660,0,0,0.0232,안전,Platinum,0.1429,1.7778,1.1429,72.45,0.0,2.0,0,0,0,11.0,2.0794,5
C0661,1,1,0.9606,고위험,Risk,2.0,0.75,1.0,51.42,0.3333,0.3333,1,0,0,19.0,0.6931,3
C0662,0,1,0.6609,주의,Silver,0.1429,0.0,0.0,61.45,0.5,1.5,0,0,0,13.0,2.0794,3
C0663,0,0,0.0062,안전,Platinum,0.375,0.6667,0.25,44.96,0.5,0.25,0,1,0,18.0,2.1972,11
C0664,0,0,0.0011,안전,Platinum,0.2308,2.1176,0.6923,60.0,0.75,0.75,0,0,0,14.0,2.6391,1
C0665,0,0,0.0134,안전,Platinum,0.7778,3.2941,0.7778,25.32,0.625,0.625,1,0,0,21.0,2.3026,3
C0666,0,0,0.0979,안전,Platinum,0.2857,0.3,0.1429,62.96,0.6667,1.0,1,0,0,18.0,2.0794,4
C0667,1,1,0.9764,고위험,Risk,150.0,12.7273,140.0,7.96,0.1875,0.3125,0,0,0,16.0,0.0,2
C0668,0,0,1e-04,안전,Platinum,0.0435,0.24,0.1304,120.0,0.5,0.5,0,1,0,22.0,3.1781,10
C0669,0,0,0.002,안전,Platinum,0.2857,3.6842,1.0,48.0,0.2,0.6,0,0,0,18.0,2.7081,11
C0670,0,0,0.0004,안전,Platinum,0.0333,0.3125,0.1667,75.86,0.0,1.0,0,1,1,17.0,3.434,6
C0671,0,0,0.0431,안전,Platinum,0.25,0.0,0.0,56.4,0.5,1.5,0,0,0,18.0,1.6094,2
C0672,0,0,0.0031,안전,VIP,10.0,2.7273,30.0,77.36,0.5,0.5,0,1,0,12.0,0.0,2
C0673,0,0,0.0471,안전,Platinum,0.0769,0.2667,0.1538,61.72,0.5,1.5,0,0,0,14.0,2.6391,3
C0674,0,0,0.0313,안전,VIP,10.0,1.8182,20.0,67.58,0.0,1.5,0,0,0,17.0,0.0,8
C0675,0,0,0.001,안전,Platinum,0.2,0.4211,0.1333,43.76,0.75,0.75,0,0,0,15.0,2.7726,8
C0676,0,0,0.0627,안전,Platinum,0.1429,0.4444,0.2857,70.17,0.5,1.5,0,0,0,11.0,2.0794,3
C0677,0,0,0.0239,안전,VIP,3.0,1.6,2.0,37.25,0.5,0.25,0,1,0,14.0,0.6931,2
C0678,1,1,0.9619,고위험,Risk,0.3333,0.0,0.0,81.9,0.5,1.5,1,0,0,12.0,1.3863,3
C0679,0,0,0.0014,안전,Platinum,0.1429,2.0,1.2857,97.74,0.0,1.5,0,0,0,17.0,2.0794,2
C0680,0,0,0.0083,안전,Platinum,1.1,6.5455,1.2,13.09,0.1667,0.0833,0,1,0,12.0,2.3979,2
C0681,0,0,0.0013,안전,Platinum,1.75,4.6667,1.75,21.16,0.375,0.25,0,1,0,11.0,1.6094,5
C0682,0,0,0.0114,안전,Platinum,0.4545,2.8235,0.7273,24.07,0.6667,0.6667,0,0,0,15.0,2.4849,1
C0683,0,0,0.0017,안전,Platinum,0.3182,2.1333,0.3636,20.69,0.625,0.25,0,1,0,15.0,3.1355,4
C0684,0,0,0.009,안전,VIP,10.0,3.6364,40.0,80.9,0.0,0.5,0,1,0,23.0,0.0,2
C0685,1,1,0.9814,고위험,Risk,2.0,3.0,4.0,53.02,0.3333,1.6667,0,0,0,24.0,0.6931,9
C0686,0,0,0.002,안전,Platinum,0.125,0.1579,0.0625,80.0,0.3333,1.0,0,0,0,14.0,2.8332,8
C0687,1,1,0.993,고위험,Risk,10.0,0.0,0.0,61.62,0.5,2.5,0,0,0,21.0,0.0,1
C0688,0,0,0.0033,안전,Platinum,0.0625,0.0,0.0,76.28,0.0,1.5,0,0,0,11.0,2.8332,2
C0689,1,1,0.992,고위험,Risk,2.0,0.75,1.0,48.58,0.6667,1.6667,1,0,0,13.0,0.6931,3
C0690,0,0,0.0298,안전,Platinum,0.0714,0.25,0.1429,61.0,0.5,1.0,0,1,0,16.0,2.7081,10
C0691,1,1,0.9596,고위험,Risk,10.0,0.0,0.0,62.58,0.5,1.0,1,0,0,11.0,0.0,2
C0692,0,0,0.4653,관심,Gold,0.25,0.0,0.0,55.64,0.0,0.5,1,0,0,11.0,1.6094,2
C0693,0,1,0.7841,주의,Silver,10.0,0.0,0.0,63.47,0.0,2.0,0,0,0,11.0,0.0,2
C0694,1,1,0.8989,위험,Risk,3.0,2.4,3.0,38.1,0.75,0.75,0,0,0,16.0,0.6931,3
C0695,0,0,0.0086,안전,Platinum,0.2222,1.25,0.5556,60.2,0.6667,1.6667,0,0,0,17.0,2.3026,2
C0696,0,0,0.0021,안전,Platinum,0.0455,0.1667,0.0909,120.0,0.5,2.5,1,0,0,11.0,3.1355,10
C0697,0,0,0.0011,안전,Platinum,0.1111,1.4545,0.8889,79.05,0.0,0.5,0,1,0,16.0,2.3026,2
C0698,0,0,0.02,안전,Platinum,0.2222,0.75,0.3333,58.23,0.3333,0.6667,0,1,0,12.0,2.3026,3
C0699,0,0,0.0283,안전,Platinum,0.1667,1.75,1.1667,75.74,0.5,2.0,0,0,0,15.0,1.9459,9
C0700,0,0,0.0257,안전,Platinum,1.0,2.4,2.0,69.88,0.3333,1.6667,0,0,0,19.0,1.0986,2
C0701,1,1,0.9926,고위험,Risk,4.0,7.5,9.0,34.02,0.6,0.6,0,0,0,23.0,0.6931,3
C0702,0,0,0.0671,안전,VIP,20.0,1.8182,20.0,41.09,0.6667,1.3333,1,0,0,16.0,0.0,2
C0703,0,0,0.0065,안전,Platinum,0.5,3.4615,1.125,48.0,0.6,1.0,0,0,0,13.0,2.1972,4
C0704,1,1,0.8599,위험,Risk,1.0,3.0,2.5,57.85,0.6667,1.3333,0,0,0,12.0,1.0986,6
C0705,0,0,0.0017,안전,Platinum,0.1538,1.5,0.6154,56.78,0.6667,1.0,0,0,0,12.0,2.6391,2
C0706,0,0,0.0048,안전,Platinum,0.3571,3.0,0.7143,40.0,0.8333,0.5,0,0,0,14.0,2.7081,2
C0707,0,0,0.012,안전,Platinum,0.2222,0.5,0.2222,50.2,0.6667,1.6667,0,0,0,12.0,2.3026,3
C0708,0,0,0.0002,안전,Platinum,0.0968,0.3429,0.0968,37.18,0.75,0.75,0,0,1,13.0,3.4657,3
C0709,0,0,0.002,안전,Platinum,0.5,1.0,1.0,75.28,0.0,1.0,1,0,0,13.0,1.0986,2
C0710,0,0,0.002,안전,Platinum,0.7778,3.7647,0.8889,23.57,0.625,0.25,0,1,0,11.0,2.3026,1
C0711,0,0,0.0088,안전,Platinum,0.1818,0.6429,0.2727,60.89,0.3333,1.0,0,0,0,18.0,2.4849,5
C0712,0,0,0.0071,안전,Platinum,0.2105,1.875,0.4737,36.81,0.2,0.2,0,1,0,14.0,2.9957,2
C0713,1,1,0.9954,고위험,Risk,20.0,1.8182,20.0,53.78,0.3333,1.6667,1,0,0,13.0,0.0,6
C0714,0,0,0.0121,안전,Platinum,0.6667,2.5,1.6667,50.68,0.6667,1.3333,0,0,0,24.0,1.3863,2
C0715,1,1,0.5544,주의,Silver,1.0,0.0,0.0,83.36,0.0,2.5,1,0,0,19.0,0.6931,8
C0716,1,1,0.9991,고위험,Risk,10.0,6.3636,70.0,61.81,0.5,2.5,0,0,0,13.0,0.0,7
C0717,1,1,0.9506,고위험,Risk,10.0,0.9091,10.0,62.73,0.0,2.0,0,0,0,16.0,0.0,6
C0718,0,0,0.004,안전,Platinum,1.0,3.0,2.5,48.57,0.6667,0.6667,0,1,0,24.0,1.0986,3
C0719,0,0,0.0043,안전,Platinum,0.0952,0.625,0.2381,58.57,0.3333,0.3333,0,1,0,14.0,3.091,7
C0720,0,0,0.0219,안전,Platinum,0.9231,5.5,0.8462,18.46,0.9231,0.3846,1,0,0,15.0,2.6391,3
C0721,0,0,0.0139,안전,Platinum,0.6154,3.2727,0.6154,16.29,0.3333,0.2222,0,1,0,13.0,2.6391,2
C0722,0,0,0.0009,안전,Platinum,0.8,4.0,1.6,30.97,0.2,0.6,0,0,0,14.0,1.7918,2
C0723,1,1,0.9451,위험,Risk,1.0,2.6667,4.0,74.28,0.0,2.0,0,0,0,11.0,0.6931,5
C0724,0,0,0.0247,안전,Platinum,0.2222,2.3913,0.6111,48.0,0.4,0.8,0,0,0,14.0,2.9444,9
C0725,0,0,0.0008,안전,Platinum,0.0909,0.24,0.0909,41.96,0.3333,1.6667,1,0,0,16.0,3.1355,5
C0726,0,0,0.1661,안전,Platinum,0.2222,1.0,0.4444,71.55,0.6667,1.6667,1,0,0,16.0,2.3026,5
C0727,0,0,0.1466,안전,Platinum,0.25,0.6667,0.5,69.64,0.5,1.0,1,0,0,23.0,1.6094,9
C0728,0,0,0.0153,안전,Platinum,0.2222,2.25,1.0,78.01,1.0,1.3333,0,0,0,17.0,2.3026,5
C0729,0,0,0.0054,안전,Platinum,1.8,4.6667,1.4,21.44,0.4,0.3,0,0,0,25.0,1.7918,3
C0730,0,0,0.0559,안전,VIP,2.6667,6.75,3.0,14.99,0.8889,0.3333,0,0,0,13.0,1.3863,2
C0731,0,0,0.2691,관심,Gold,10.0,1.8182,20.0,69.54,0.5,2.5,0,0,0,13.0,0.0,2
C0732,0,0,0.0047,안전,Platinum,0.0667,0.1176,0.0667,120.0,0.5,0.5,0,1,0,14.0,2.7726,9
C0733,0,0,0.0003,안전,Platinum,0.8571,4.3333,0.6429,14.52,0.4615,0.2308,0,0,0,21.0,2.7081,7
C0734,1,1,0.8297,위험,Risk,0.5,2.625,0.7,36.86,0.6667,0.1667,0,1,0,17.0,2.3979,3
C0735,0,0,0.4695,관심,Gold,2.0,2.25,3.0,49.93,0.3333,1.3333,1,0,0,13.0,0.6931,3
C0736,1,1,0.979,고위험,Risk,2.0,6.0,8.0,59.49,0.3333,1.6667,0,0,0,18.0,0.6931,6
C0737,0,0,0.0022,안전,Platinum,0.1111,1.4545,0.8889,78.37,0.5,2.0,0,0,0,15.0,2.3026,8
C0738,0,0,0.051,안전,Platinum,0.2,0.4615,0.2,57.21,0.3333,1.0,1,0,0,13.0,2.3979,11
C0739,0,0,0.0007,안전,Platinum,0.1176,0.3,0.1176,50.11,0.3333,1.6667,0,0,0,15.0,2.8904,3
C0740,0,1,0.8119,위험,Risk,0.25,0.0,0.0,58.51,0.5,1.0,1,0,0,23.0,1.6094,2
C0741,0,0,0.0233,안전,Platinum,0.1333,0.6667,0.2667,48.76,0.6667,1.0,1,0,0,13.0,2.7726,4
C0742,0,0,0.007,안전,Platinum,0.2,2.0,1.4,63.59,0.5,2.0,0,0,0,14.0,1.7918,3
C0743,0,0,0.0016,안전,Platinum,0.64,6.4762,0.64,14.12,0.5294,0.1765,0,0,0,14.0,3.2581,9
C0744,0,0,0.0062,안전,Platinum,0.3636,2.5,0.7273,33.57,0.2,0.2,0,1,0,18.0,2.4849,3
C0745,0,0,0.0066,안전,Platinum,0.25,0.8182,0.375,51.44,0.6667,0.3333,1,0,0,15.0,2.1972,2
C0746,0,0,0.0002,안전,Platinum,0.0435,1.04,0.5652,81.74,0.5,1.5,0,0,0,12.0,3.1781,1
C0747,0,0,0.1746,안전,Platinum,10.0,1.8182,20.0,66.47,0.0,2.0,0,0,0,13.0,0.0,2
C0748,0,0,0.0532,안전,Platinum,0.125,0.3158,0.125,56.01,0.3333,0.3333,0,1,0,18.0,2.8332,4
C0749,0,0,0.0017,안전,Platinum,0.1,0.3333,0.2,78.84,0.0,1.5,0,0,0,17.0,2.3979,4
C0750,1,1,0.7075,주의,Silver,1.0,0.0,0.0,83.36,0.5,2.5,1,0,0,19.0,0.6931,8
C0751,0,0,0.0068,안전,Platinum,0.1667,0.5,0.3333,64.56,0.0,0.5,0,1,0,13.0,1.9459,2
C0752,1,0,0.3985,관심,Gold,1.4,1.8,0.3,15.29,0.4,0.2,0,0,0,11.0,2.3979,8
C0753,0,0,0.0018,안전,Platinum,0.2143,0.6667,0.2143,38.67,0.5,0.25,1,0,0,14.0,2.7081,4
C0754,0,0,0.0138,안전,Platinum,0.2857,1.2,0.5714,56.24,0.3333,1.6667,0,0,0,15.0,2.0794,2
C0755,0,0,0.0449,안전,Platinum,0.3333,1.0,0.5,55.29,0.3333,1.6667,0,0,0,15.0,1.9459,6
C0756,0,0,0.0009,안전,Platinum,0.1923,1.3125,0.2692,38.24,0.6667,0.6667,0,0,0,20.0,3.2958,9
C0757,0,0,0.0061,안전,Platinum,0.3333,1.3333,0.6667,53.11,0.3333,1.0,0,0,0,14.0,1.9459,8
C0758,0,0,0.0031,안전,Platinum,0.1667,2.0,0.8333,77.8,1.3333,1.6667,0,0,0,12.0,2.5649,1
C0759,0,0,0.0047,안전,Platinum,0.0714,0.25,0.1429,60.54,0.5,2.0,0,0,0,18.0,2.7081,10
C0760,0,0,0.0035,안전,Platinum,0.0526,0.381,0.2105,86.9,0.5,1.0,0,1,0,11.0,2.9957,3
C0761,0,0,0.0203,안전,VIP,7.0,4.4444,5.0,20.84,0.875,0.125,0,1,0,11.0,0.6931,1
C0762,0,0,0.0301,안전,Platinum,0.3333,1.0,0.5,55.29,0.6667,1.6667,0,0,0,15.0,1.9459,6
C0763,0,0,0.0272,안전,Platinum,0.1053,0.5455,0.2105,58.35,0.3333,1.6667,1,0,0,12.0,2.9957,6
C0764,0,0,0.0011,안전,Platinum,0.0909,0.24,0.0909,41.96,0.0,1.6667,1,0,0,16.0,3.1355,5
C0765,0,1,0.903,위험,Risk,2.0,0.75,1.0,55.52,0.3333,0.3333,1,0,0,20.0,0.6931,9
C0766,0,0,0.0002,안전,Platinum,0.069,0.1875,0.069,47.52,0.6667,1.6667,1,0,0,18.0,3.4012,5
C0767,1,1,0.9881,고위험,Risk,16.0,13.6364,15.0,8.97,0.2353,0.2941,0,0,0,17.0,0.6931,3
C0768,0,0,0.0029,안전,Platinum,0.1111,0.3636,0.2222,94.24,0.0,2.0,1,0,0,11.0,2.3026,3
C0769,0,0,0.0026,안전,Platinum,0.6667,1.5,1.0,54.2,0.3333,0.6667,0,1,0,16.0,1.3863,3
C0770,0,0,0.0002,안전,Platinum,0.2,3.4839,0.72,40.0,0.3333,0.5,0,0,0,15.0,3.2581,4
C0771,0,0,0.0026,안전,Platinum,0.25,1.0909,0.5,74.08,0.3333,0.3333,0,1,0,12.0,2.1972,2
C0772,0,0,0.0272,안전,Platinum,0.1053,0.5455,0.2105,58.35,0.3333,1.6667,1,0,0,12.0,2.9957,6
C0773,0,0,0.0144,안전,Platinum,0.6364,2.9474,0.6364,19.15,0.25,0.375,0,0,0,11.0,2.4849,3
C0774,0,0,1e-04,안전,Platinum,0.2,2.2857,1.6,81.04,0.0,0.5,0,1,0,15.0,1.7918,2
C0775,0,0,0.0117,안전,Platinum,0.8571,4.5,1.2857,34.29,0.4286,0.7143,0,0,0,14.0,2.0794,8
C0776,1,1,0.9962,고위험,Risk,2.0,2.25,3.0,49.4,0.3333,1.6667,1,0,0,23.0,0.6931,2
C0777,0,0,0.0018,안전,VIP,10.0,6.3636,70.0,72.1,0.5,1.0,0,1,0,22.0,0.0,2
C0778,0,0,0.0024,안전,Platinum,0.6667,3.4286,0.6667,20.12,0.1111,0.5556,1,0,0,25.0,2.5649,3
C0779,0,0,0.0572,안전,Platinum,1.1429,3.375,0.8571,18.98,0.7778,0.3333,1,0,0,14.0,2.0794,2
C0780,0,0,0.0002,안전,Platinum,1.75,5.3333,2.0,19.48,0.0,0.125,0,1,0,21.0,1.6094,1
C0781,0,0,0.0053,안전,Platinum,2.0,3.0,4.0,62.14,0.6667,1.3333,1,0,0,21.0,0.6931,3
C0782,0,0,0.0005,안전,Platinum,0.3333,0.8,0.6667,99.78,0.0,2.5,0,0,0,15.0,1.3863,1
C0783,0,0,0.0078,안전,Platinum,0.2857,0.9,0.4286,59.96,0.3333,1.3333,1,0,0,14.0,2.0794,3
C0784,0,0,0.0061,안전,Platinum,0.5714,0.7647,0.0952,18.46,0.0,0.0769,0,1,0,25.0,3.091,3
C0785,0,0,0.0002,안전,Platinum,0.0455,0.5833,0.3182,87.02,0.0,2.0,0,0,0,11.0,3.1355,5
C0786,0,1,0.9506,고위험,Risk,2.0,0.75,1.0,45.67,0.6667,1.0,0,0,0,13.0,0.6931,3
C0787,0,0,0.0042,안전,Platinum,0.1,0.913,0.35,72.99,0.3333,1.6667,0,0,0,17.0,3.0445,9
C0788,0,0,0.1289,안전,Platinum,0.1667,0.0,0.0,81.94,0.5,1.5,1,0,0,17.0,1.9459,3
C0789,1,1,0.9925,고위험,Risk,3.0,2.4,3.0,42.65,0.25,0.75,1,0,0,12.0,0.6931,5
C0790,0,0,0.0203,안전,Platinum,0.75,3.7333,1.0,21.15,0.1429,0.4286,1,0,0,26.0,2.1972,2
C0791,0,0,0.0127,안전,Platinum,0.1,1.0435,0.4,57.05,0.6667,1.6667,1,0,0,24.0,3.0445,10
C0792,0,0,0.0111,안전,Platinum,0.5714,3.4412,0.4286,18.46,0.2308,0.3077,0,0,0,14.0,3.091,5
C0793,0,0,0.1386,안전,Platinum,7.0,4.4444,5.0,18.47,0.875,0.5,1,0,0,20.0,0.6931,2
C0794,0,0,0.01,안전,Platinum,0.25,0.2727,0.125,51.6,0.3333,0.3333,0,1,0,18.0,2.1972,5
C0795,0,0,0.0205,안전,Platinum,0.4167,4.3333,1.0833,30.8,0.1667,0.8333,1,0,0,13.0,2.5649,8
C0796,0,0,0.0126,안전,Platinum,0.1429,0.5294,0.2143,57.92,0.3333,0.3333,0,1,0,15.0,2.7081,11
C0797,0,0,0.3318,관심,Gold,1.0,1.8,1.5,48.85,0.6667,1.0,1,0,0,12.0,1.0986,2
C0798,0,0,0.0167,안전,Platinum,0.0588,0.0,0.0,73.84,0.0,1.5,0,0,0,12.0,2.8904,8
C0799,0,0,0.039,안전,VIP,20.0,1.8182,20.0,42.58,0.3333,1.0,0,0,0,20.0,0.0,1
C0800,0,0,0.0014,안전,Platinum,0.2308,0.7059,0.2308,41.0,0.5,0.25,0,1,0,15.0,2.6391,10
C0801,1,1,0.991,고위험,Risk,30.0,6.3636,70.0,50.81,0.75,0.5,1,0,0,11.0,0.0,2
C0802,0,0,0.0044,안전,Platinum,0.25,2.3333,1.75,99.68,0.0,2.5,0,0,0,19.0,1.6094,1
C0803,0,0,0.0706,안전,Platinum,0.0625,0.7778,0.4375,120.0,0.5,1.0,0,1,0,14.0,2.8332,4
C0804,0,0,1e-04,안전,Platinum,0.08,0.4286,0.16,80.0,0.3333,1.3333,0,0,0,17.0,3.2581,5
C0805,0,0,0.0066,안전,Platinum,0.1429,0.5294,0.2143,52.92,0.6667,1.6667,0,0,0,18.0,2.7081,6
C0806,1,1,0.9689,고위험,Risk,0.25,0.0,0.0,60.37,0.5,2.5,1,0,0,12.0,1.6094,2
C0807,0,0,0.0022,안전,Platinum,0.25,0.9524,0.25,30.87,0.8,0.6,0,0,0,23.0,2.8332,5
C0808,0,0,0.0296,안전,Platinum,0.4615,3.5,0.7692,26.29,0.8571,0.4286,0,0,0,15.0,2.6391,6
C0809,0,0,0.3442,관심,Gold,0.0952,0.125,0.0476,51.59,0.3333,1.0,0,0,0,20.0,3.091,5
C0810,0,0,0.0052,안전,Platinum,0.4167,2.6667,0.6667,27.45,0.0,0.1667,1,0,0,15.0,2.5649,2
C0811,0,0,0.0015,안전,Platinum,1.0,1.2,1.0,46.61,0.6667,0.6667,0,1,0,17.0,1.0986,1
C0812,0,0,0.0046,안전,Platinum,0.8182,4.2857,0.8182,12.41,0.6,0.1,0,1,0,11.0,2.4849,2
C0813,0,0,0.012,안전,Platinum,0.5,3.9286,0.6111,15.21,0.5,0.5,0,0,0,18.0,2.9444,2
C0814,0,1,0.5288,주의,Silver,10.0,2.7273,30.0,70.97,0.5,2.5,1,0,0,18.0,0.0,2
C0815,0,0,0.001,안전,Platinum,0.1667,1.4545,0.4444,39.76,0.0,0.25,0,1,0,13.0,2.9444,1
C0816,0,0,0.0004,안전,Platinum,0.5217,1.0833,0.1304,16.34,0.0,0.2308,1,0,0,15.0,3.1781,3
C0817,0,0,0.0066,안전,Platinum,0.1176,0.15,0.0588,80.0,0.6667,1.6667,0,0,0,15.0,2.8904,8
C0818,0,0,0.1243,안전,Platinum,0.1538,1.3125,0.5385,80.0,1.3333,0.3333,0,1,0,12.0,2.6391,2
C0819,0,0,0.0037,안전,Platinum,0.0667,0.2353,0.1333,77.05,0.0,2.5,1,0,0,17.0,2.7726,7
C0820,0,0,0.0321,안전,Platinum,0.0769,0.0,0.0,82.58,0.5,2.5,1,0,0,16.0,2.6391,3
C0821,0,0,0.07,안전,Platinum,0.0769,0.4,0.2308,84.26,0.5,2.0,0,0,0,12.0,2.6391,8
C0822,0,0,0.0123,안전,Platinum,0.5556,1.6,0.4444,27.88,0.5,0.5,0,0,0,16.0,2.3026,2
C0823,0,0,0.0379,안전,Platinum,0.0714,0.0,0.0,63.91,0.0,0.5,0,1,0,22.0,2.7081,4
C0824,1,0,0.4894,관심,Gold,0.6667,3.75,0.4286,16.0,0.4,0.2667,1,0,0,14.0,3.091,9
C0825,0,0,0.0518,안전,Platinum,0.25,0.3333,0.25,84.16,0.5,2.5,1,0,0,12.0,1.6094,2
C0826,0,0,0.0008,안전,Platinum,0.2222,2.0,0.8889,55.05,0.3333,0.6667,1,0,0,26.0,2.3026,3
C0827,0,0,0.0081,안전,Platinum,0.6364,2.9474,0.6364,24.9,0.375,0.5,0,0,0,11.0,2.4849,1
C0828,1,1,0.9932,고위험,Risk,2.0,0.75,1.0,46.9,0.6667,0.3333,1,0,0,13.0,0.6931,3
C0829,0,0,1e-04,안전,Platinum,0.1,0.3529,0.1,59.32,0.0,0.5,1,0,1,13.0,3.434,4
C0830,1,1,0.9262,위험,Risk,20.0,0.9091,10.0,47.94,0.0,1.0,0,0,0,17.0,0.0,7
C0831,0,0,0.1301,안전,Platinum,2.0,2.25,3.0,57.06,0.6667,1.0,0,0,0,13.0,0.6931,3
C0832,0,0,0.0028,안전,Platinum,0.3636,3.4375,1.0,46.41,0.0,0.6,0,0,0,12.0,2.4849,4
C0833,0,0,0.0931,안전,Platinum,0.25,0.8182,0.375,63.33,0.6667,1.6667,0,0,0,18.0,2.1972,7
C0834,0,0,0.0665,안전,Platinum,0.5714,2.7391,0.5,21.38,0.6667,0.3333,0,0,0,12.0,2.7081,2
C0835,0,0,0.3672,관심,Gold,2.0,1.5,2.0,49.84,0.6667,1.6667,0,0,0,16.0,0.6931,3
C0836,1,1,0.9846,고위험,Risk,10.0,0.0,0.0,63.0,0.5,2.5,1,0,0,15.0,0.0,2
C0837,0,0,0.0935,안전,Platinum,2.0,3.0,4.0,50.06,0.6667,1.0,0,0,0,12.0,0.6931,3
C0838,0,0,0.0492,안전,Platinum,1.5,4.4545,1.75,29.96,0.7143,0.4286,0,0,0,23.0,1.6094,3
C0839,1,1,0.8675,위험,Risk,0.5,2.88,0.5,19.38,0.8889,0.4444,0,0,0,16.0,2.8332,4
C0840,0,0,0.0057,안전,Platinum,0.2941,2.087,0.4706,30.3,0.3333,0.5,1,0,0,14.0,2.8904,5
C0841,0,0,0.4093,관심,Gold,0.25,0.5455,0.25,42.2,0.0,1.0,1,0,0,11.0,2.1972,8
C0842,0,0,0.356,관심,Gold,0.4,1.125,0.6,54.76,0.6667,0.6667,1,0,0,24.0,1.7918,10
C0843,0,0,0.0066,안전,Platinum,0.25,1.0909,0.5,53.74,0.6667,0.3333,1,0,0,14.0,2.1972,3
C0844,0,0,0.008,안전,Platinum,1.25,3.0,1.25,31.8,0.6667,0.5,0,0,0,12.0,1.6094,2
C0845,1,1,0.8644,위험,Risk,10.0,0.0,0.0,90.8,0.5,1.5,0,0,0,13.0,0.0,3
C0846,0,0,0.0301,안전,Platinum,1.5,5.0909,2.0,22.97,0.5714,0.5714,1,0,0,22.0,1.6094,2
C0847,0,0,0.0076,안전,Platinum,1.5,2.0,1.5,37.19,0.75,0.75,0,0,0,19.0,1.0986,7
C0848,1,1,0.9961,고위험,Risk,2.0,0.75,1.0,64.12,0.3333,1.3333,0,0,0,16.0,0.6931,8
C0849,0,0,0.0002,안전,Platinum,0.4839,5.1064,0.4839,6.25,0.6875,0.25,0,0,1,23.0,3.4657,6
C0850,0,0,0.0003,안전,Platinum,0.0769,0.5172,0.1923,52.16,0.6667,1.0,0,0,0,21.0,3.2958,10
C0851,0,0,0.0014,안전,Platinum,0.2,1.8462,0.8,48.84,0.6667,0.6667,0,1,0,14.0,2.3979,3
C0852,0,0,0.0004,안전,Platinum,0.6667,5.0,3.3333,56.85,0.3333,0.6667,0,1,0,19.0,1.3863,3
C0853,0,0,0.3539,관심,Gold,10.0,3.6364,40.0,72.39,0.5,1.5,1,0,0,11.0,0.0,2
C0854,0,0,0.051,안전,Platinum,0.2,0.4615,0.2,57.21,0.3333,1.0,1,0,0,13.0,2.3979,11
C0855,0,0,0.0077,안전,Platinum,0.0526,0.1905,0.1053,102.64,0.0,1.5,0,0,0,11.0,2.9957,6
C0856,0,0,0.0002,안전,Platinum,0.0667,0.0909,0.0333,48.55,0.6667,1.6667,0,0,1,23.0,3.434,4
C0857,0,0,0.0054,안전,Platinum,1.0,0.0,0.0,17.6,0.8,0.3,0,0,0,13.0,2.3026,2
C0858,0,0,0.1287,안전,Platinum,2.0,6.0,8.0,55.22,0.3333,1.6667,0,0,0,12.0,0.6931,3
C0859,0,1,0.8155,위험,Risk,2.0,0.75,1.0,51.44,0.3333,1.0,1,0,0,14.0,0.6931,3
C0860,1,1,0.9635,고위험,Risk,1.0,1.2,1.0,41.35,0.3333,1.6667,1,0,0,21.0,1.0986,8
C0861,1,0,0.493,관심,Gold,2.0,2.25,3.0,57.36,0.6667,1.0,0,0,0,13.0,0.6931,10
C0862,1,1,0.9959,고위험,Risk,0.75,0.5,0.25,60.0,0.5,1.0,1,0,0,17.0,1.6094,6
C0863,0,0,0.0023,안전,Platinum,0.1667,1.6,0.6667,62.54,0.3333,0.6667,0,1,0,19.0,2.5649,5
C0864,0,0,0.005,안전,Platinum,0.0769,0.0,0.0,67.24,0.5,1.5,0,0,0,22.0,2.6391,7
C0865,1,1,0.9838,고위험,Risk,10.0,7.2727,80.0,78.08,0.0,0.5,1,0,0,11.0,0.0,2
C0866,0,0,0.0002,안전,Platinum,0.087,0.1154,0.0435,80.0,0.3333,1.0,0,0,0,14.0,3.1781,4
C0867,0,0,0.0511,안전,Platinum,0.1111,0.1818,0.1111,96.39,0.0,2.0,1,0,0,16.0,2.3026,4
C0868,0,0,0.0141,안전,Platinum,0.5,1.0,1.0,65.9,0.5,2.0,0,0,0,13.0,1.0986,1
C0869,0,0,0.0121,안전,Platinum,0.25,0.5455,0.25,64.54,0.6667,0.3333,0,1,0,11.0,2.1972,3
C0870,0,0,0.0436,안전,Platinum,0.25,0.0,0.0,60.14,0.5,1.5,0,0,0,20.0,1.6094,2
C0871,0,0,0.0046,안전,Platinum,0.3571,3.0,0.7143,40.0,0.8333,0.5,0,0,0,14.0,2.7081,3
C0872,0,0,0.0009,안전,Platinum,0.25,0.6667,0.5,91.73,0.0,1.5,0,0,0,19.0,1.6094,2
C0873,1,1,0.601,주의,Silver,3.2,6.9545,1.8,14.12,0.1176,0.1765,0,0,0,14.0,1.7918,3
C0874,0,0,0.0063,안전,Platinum,0.1818,0.2143,0.0909,62.78,0.6667,1.0,0,0,0,20.0,2.4849,6
C0875,0,0,0.0515,안전,Platinum,0.2222,1.0,0.4444,71.55,0.3333,1.6667,1,0,0,16.0,2.3026,5
C0876,1,1,0.9599,고위험,Risk,0.4375,3.3333,0.625,30.0,0.5,0.125,0,1,0,16.0,2.8332,3
C0877,0,0,0.0975,안전,VIP,10.0,2.7273,30.0,70.81,0.5,1.5,1,0,0,12.0,0.0,2
C0878,0,0,0.0156,안전,Platinum,0.1818,0.6429,0.2727,49.42,0.3333,0.3333,1,0,0,13.0,2.4849,3
C0879,0,0,0.0046,안전,Platinum,0.25,1.3333,1.0,71.72,0.0,1.5,0,0,0,12.0,1.6094,1
C0880,0,0,0.2016,관심,Gold,2.25,4.2857,1.5,19.85,0.3,0.3,1,0,0,19.0,1.6094,2
C0881,0,0,0.0396,안전,Platinum,0.1176,0.3,0.1176,67.36,0.6667,1.0,1,0,0,18.0,2.8904,6
C0882,0,0,0.0128,안전,Platinum,0.6667,1.5,1.0,51.58,0.6667,1.0,0,0,0,18.0,1.3863,11
C0883,0,0,0.001,안전,Platinum,1.0,4.8,4.0,59.18,0.6667,0.3333,0,1,0,17.0,1.0986,3
C0884,1,1,0.6563,주의,Silver,0.2857,0.0,0.0,40.98,0.6667,0.6667,1,0,0,16.0,2.0794,3
C0885,0,0,0.0166,안전,Platinum,0.5,0.8571,0.5,42.32,0.6667,0.3333,1,0,0,18.0,1.6094,1
C0886,0,0,0.0005,안전,Platinum,1.0,4.6667,7.0,82.74,0.5,2.0,0,0,0,14.0,0.6931,2
C0887,0,0,0.0056,안전,Platinum,0.6667,1.5,1.0,49.0,0.3333,0.3333,0,1,0,17.0,1.3863,11
C0888,0,0,0.0043,안전,Platinum,0.4444,0.6667,0.1111,16.73,0.3333,0.5556,1,0,0,14.0,2.9444,3
C0889,0,0,0.0005,안전,Platinum,0.1,1.1739,0.45,80.0,0.6667,1.6667,0,0,0,13.0,3.0445,4
C0890,0,0,0.0095,안전,Platinum,0.4,3.3333,1.0,30.04,0.4,0.6,0,0,0,22.0,2.3979,6
C0891,0,0,0.0264,안전,Platinum,0.1818,0.8571,0.3636,66.43,0.3333,0.3333,0,1,0,13.0,2.4849,4
C0892,0,0,0.0026,안전,Platinum,0.1176,0.45,0.1765,49.19,0.3333,0.6667,0,1,0,21.0,2.8904,9
C0893,0,0,0.3961,관심,Gold,10.0,0.0,0.0,80.66,0.5,1.5,0,0,0,17.0,0.0,3
C0894,0,0,0.0,안전,Platinum,0.087,0.2308,0.087,80.0,0.3333,1.6667,0,0,0,22.0,3.1781,3
C0895,0,0,0.0255,안전,Platinum,0.5,4.5,4.5,89.94,0.0,2.5,0,0,0,13.0,1.0986,2
C0896,0,0,0.0006,안전,Platinum,0.25,1.0909,0.5,52.6,0.3333,0.6667,0,1,0,17.0,2.1972,4
C0897,0,0,0.0002,안전,Platinum,0.0333,0.125,0.0667,83.78,0.0,1.5,0,0,1,11.0,3.434,3
C0898,0,0,0.0002,안전,Platinum,0.0909,0.84,0.3182,77.07,0.3333,1.3333,0,0,0,17.0,3.1355,7
C0899,0,0,0.0499,안전,Platinum,0.9286,4.5,0.6429,17.14,0.1429,0.2857,0,0,0,14.0,2.7081,3
C0900,0,0,0.0018,안전,Platinum,0.1538,1.5,0.6154,67.93,0.3333,1.0,0,0,0,19.0,2.6391,2
C0901,0,0,0.0002,안전,Platinum,0.4,3.375,1.8,77.16,0.3333,1.3333,0,0,0,26.0,1.7918,3
C0902,0,0,0.0309,안전,Platinum,0.0588,0.3158,0.1765,65.81,0.0,1.5,0,0,0,14.0,2.8904,4
C0903,0,0,0.0006,안전,Platinum,0.0556,0.2,0.1111,96.9,0.5,0.5,1,0,0,18.0,2.9444,5
C0904,1,1,0.9767,고위험,Risk,4.0,5.8333,7.0,45.65,0.8,0.4,1,0,0,12.0,0.6931,3
C0905,0,0,0.0202,안전,Platinum,0.0625,0.2222,0.125,62.19,0.0,1.5,0,0,0,13.0,2.8332,5
C0906,1,1,0.9875,고위험,Risk,20.0,1.8182,20.0,49.29,0.6667,0.3333,1,0,0,14.0,0.0,10
C0907,0,0,0.0951,안전,Platinum,0.0625,0.7778,0.4375,120.0,0.5,0.5,0,1,0,14.0,2.8332,4
C0908,0,0,0.0029,안전,Platinum,0.0952,1.0,0.381,59.89,0.3333,1.3333,0,0,0,19.0,3.091,10
C0909,0,0,0.0282,안전,Platinum,0.25,0.0,0.0,82.05,0.0,2.5,0,0,0,12.0,1.6094,4
C0910,1,1,0.9743,고위험,Risk,60.0,6.3636,70.0,23.11,0.4286,0.4286,1,0,0,15.0,0.0,2
C0911,1,1,0.6795,주의,Silver,2.0,2.25,3.0,48.93,0.6667,0.3333,0,1,0,12.0,0.6931,8
C0912,0,0,0.0036,안전,Platinum,0.1538,0.375,0.1538,46.9,0.3333,0.3333,1,0,0,18.0,2.6391,4
C0913,0,0,0.1133,안전,Platinum,0.5,1.2857,0.75,57.6,0.6667,1.6667,0,0,0,15.0,1.6094,9
C0914,0,0,0.0004,안전,Platinum,0.0968,0.3429,0.0968,36.92,0.25,0.75,0,0,1,18.0,3.4657,10
C0915,0,0,1e-04,안전,Platinum,0.75,3.7333,1.0,19.15,0.8571,0.4286,0,0,0,17.0,2.1972,2
C0916,0,0,0.0611,안전,Platinum,1.0,5.0,2.25,48.0,0.2,1.0,1,0,0,24.0,1.6094,3
C0917,0,0,0.039,안전,Platinum,0.875,3.3871,0.4375,15.08,0.8667,0.0667,1,0,0,15.0,2.8332,4
C0918,1,1,0.9942,고위험,Risk,8.0,7.2,8.0,22.28,0.3333,0.2222,1,0,0,13.0,0.6931,2
C0919,1,1,0.997,고위험,Risk,1.0,0.0,0.0,57.98,0.25,1.0,1,0,0,16.0,1.3863,5
C0920,0,0,0.0024,안전,Platinum,0.0526,0.7619,0.4211,78.86,0.5,0.5,1,0,0,21.0,2.9957,5
C0921,0,0,0.0015,안전,Platinum,0.7778,8.1818,1.0,11.36,0.4667,0.0667,0,1,0,26.0,2.9444,3
C0922,0,0,0.0899,안전,Platinum,2.0,2.25,3.0,50.27,0.3333,0.3333,0,1,0,14.0,0.6931,4
C0923,0,0,0.0124,안전,Platinum,0.1429,1.4118,0.5714,54.92,0.6667,1.0,0,0,0,12.0,2.7081,5
C0924,0,0,0.4406,관심,Gold,0.25,0.0,0.0,55.64,0.5,0.5,1,0,0,11.0,1.6094,2
C0925,1,1,0.9569,고위험,Risk,0.4211,1.2857,0.2105,19.62,0.1111,0.2222,0,1,0,17.0,2.9957,6
C0926,0,0,0.0002,안전,Platinum,0.0455,0.5833,0.3182,87.02,0.0,2.0,0,0,0,11.0,3.1355,5
C0927,1,1,0.809,위험,Risk,10.0,0.0,0.0,67.42,0.5,1.5,0,0,0,11.0,0.0,3
C0928,0,0,0.0043,안전,Platinum,0.5833,3.4615,0.375,16.0,0.3333,0.2,1,0,0,14.0,3.2189,7
C0929,1,1,0.9862,고위험,Risk,8.0,4.5,5.0,20.36,0.5556,0.1111,1,0,0,13.0,0.6931,3
C0930,0,0,0.0448,안전,Platinum,2.0,6.8421,1.6667,13.64,0.9231,0.3077,1,0,0,12.0,1.9459,3
C0931,0,0,0.0009,안전,Platinum,0.5385,0.381,0.0769,19.34,0.25,0.625,0,0,0,12.0,2.6391,1
C0932,0,0,0.122,안전,Platinum,0.6,5.1212,0.65,18.28,0.5385,0.2308,1,0,0,12.0,3.0445,10
C0933,0,0,0.0008,안전,Platinum,0.0909,0.4615,0.2727,77.03,0.0,0.5,1,0,0,20.0,2.4849,3
C0934,1,1,0.9962,고위험,Risk,10.0,0.0,0.0,62.04,0.0,2.0,1,0,0,17.0,0.0,2
C0935,1,1,0.9476,위험,Risk,0.5,0.0,0.0,76.19,0.5,1.5,1,0,0,18.0,1.0986,5
C0936,1,1,0.9983,고위험,Risk,2.0,0.75,1.0,49.8,0.6667,0.3333,1,0,0,25.0,0.6931,3
C0937,0,0,0.0126,안전,Platinum,0.25,2.4545,1.125,56.63,0.3333,1.3333,0,0,0,12.0,2.1972,6
C0938,0,0,0.291,관심,Gold,3.0,2.4,3.0,37.6,0.5,0.75,0,0,0,14.0,0.6931,3
C0939,0,0,0.0013,안전,Platinum,0.125,1.6,1.0,75.49,0.0,1.5,0,0,0,19.0,2.1972,2
C0940,0,0,0.0077,안전,Platinum,0.9286,2.5,0.3571,14.6,0.0,0.2143,1,0,0,13.0,2.7081,1
C0941,0,0,0.0175,안전,Platinum,0.15,0.3333,0.1,60.0,0.75,1.25,0,0,0,14.0,3.0445,5
C0942,0,0,0.0293,안전,Platinum,0.1333,0.5,0.2,61.77,0.6667,1.3333,1,0,0,16.0,2.7726,8
C0943,0,0,0.1085,안전,Platinum,0.25,0.0,0.0,59.76,0.5,0.5,0,1,0,12.0,1.6094,2
C0944,1,1,0.973,고위험,Risk,2.0,0.75,1.0,47.0,0.6667,1.6667,1,0,0,22.0,0.6931,3
C0945,0,0,0.002,안전,Platinum,0.1,0.6667,0.4,81.74,0.5,0.5,0,1,0,16.0,2.3979,8
C0946,0,0,0.0236,안전,Platinum,0.5,1.2857,0.75,61.97,0.6667,0.3333,0,1,0,21.0,1.6094,4
C0947,0,0,0.0089,안전,Platinum,0.0909,0.7692,0.4545,62.34,0.0,2.0,0,0,0,14.0,2.4849,5
C0948,0,0,0.0142,안전,Platinum,0.2857,0.9,0.4286,50.0,0.3333,0.6667,0,1,0,15.0,2.0794,2
C0949,0,0,0.0011,안전,VIP,20.0,1.8182,20.0,41.08,0.0,0.6667,0,1,0,24.0,0.0,2
C0950,0,0,0.0009,안전,Platinum,0.0909,0.84,0.3182,79.88,0.3333,1.0,1,0,0,12.0,3.1355,8
C0951,0,0,0.0012,안전,Platinum,1.0,0.6,0.5,33.33,0.6667,1.6667,0,0,0,22.0,1.0986,2
C0952,0,0,0.1753,안전,Platinum,10.0,3.6364,40.0,74.54,0.5,1.5,1,0,0,22.0,0.0,1
C0953,0,0,0.0105,안전,Platinum,0.5,1.2857,0.75,62.06,0.6667,1.0,0,0,0,14.0,1.6094,3
C0954,0,0,0.0078,안전,Platinum,0.5,2.5,2.5,61.7,0.5,0.5,0,1,0,19.0,1.0986,2
C0955,0,0,1e-04,안전,Platinum,0.4286,0.6341,0.0714,18.46,0.0769,0.2308,1,0,0,14.0,3.3673,3
C0956,0,0,0.0248,안전,Platinum,0.3333,0.8,0.6667,64.92,0.0,2.0,0,0,0,14.0,1.3863,1
C0957,1,1,0.9215,위험,Risk,0.3889,0.9231,0.1667,18.95,0.0,0.25,0,1,0,16.0,2.9444,5
C0958,0,0,0.0079,안전,Platinum,0.25,2.3333,1.75,60.67,0.5,2.0,1,0,0,16.0,1.6094,2
C0959,0,0,0.009,안전,Platinum,0.1429,0.6667,0.4286,60.32,0.0,1.5,0,0,0,21.0,2.0794,1
C0960,0,0,0.0014,안전,Platinum,0.2222,1.0,0.4444,49.75,0.6667,1.3333,0,0,0,14.0,2.3026,2
C0961,1,1,0.7331,주의,Silver,0.25,1.6667,1.25,79.96,0.0,0.5,1,0,0,11.0,1.6094,9
C0962,0,0,0.0166,안전,Platinum,0.1111,0.0,0.0,84.81,0.5,2.0,1,0,0,22.0,2.3026,5
C0963,1,1,0.9959,고위험,Risk,10.0,0.0,0.0,62.81,0.0,2.5,0,0,0,11.0,0.0,8
C0964,0,0,0.0134,안전,Platinum,0.5,1.2857,0.75,62.06,0.3333,1.0,0,0,0,14.0,1.6094,3
C0965,1,1,0.997,고위험,Risk,1.0,0.0,0.0,57.98,0.25,1.0,1,0,0,16.0,1.3863,5
C0966,0,0,0.0169,안전,Platinum,0.25,1.0,0.75,74.1,0.5,0.5,1,0,0,12.0,1.6094,1
C0967,1,1,0.9925,고위험,Risk,4.0,9.1667,11.0,39.67,0.2,1.0,0,0,0,14.0,0.6931,3
C0968,0,0,0.0005,안전,Platinum,0.0645,0.2647,0.0968,60.53,0.6667,1.0,1,0,1,14.0,3.4657,4
C0969,0,0,0.0247,안전,Platinum,0.4444,2.6667,0.4444,16.12,0.2222,0.1111,0,1,0,14.0,2.9444,3
C0970,0,0,0.0075,안전,Platinum,0.0667,0.0,0.0,71.36,0.5,0.5,0,1,0,19.0,2.7726,5
C0971,0,0,0.0099,안전,Platinum,2.0,1.5,2.0,58.17,0.6667,0.3333,0,1,0,15.0,0.6931,2
C0972,0,0,0.0025,안전,Platinum,0.5833,3.8462,0.4167,16.0,0.2,0.0667,1,0,0,14.0,3.2189,3
C0973,0,0,0.0002,안전,Platinum,0.2308,2.5455,0.4615,25.04,0.0,0.5714,0,0,0,12.0,3.2958,3
C0974,0,0,0.0002,안전,Platinum,0.037,0.5517,0.2963,103.7,0.0,1.5,0,0,0,11.0,3.3322,9
C0975,0,0,0.0144,안전,Platinum,0.3636,3.75,1.0909,31.96,0.8,1.0,1,0,0,12.0,2.4849,7
C0976,1,1,0.7837,주의,Silver,0.1111,1.2727,0.7778,86.57,0.5,2.0,0,0,0,21.0,2.3026,6
C0977,0,0,0.002,안전,Platinum,0.1,0.913,0.35,76.23,0.3333,0.3333,1,0,0,13.0,3.0445,6
C0978,0,0,0.0117,안전,Platinum,0.3333,2.6471,0.75,30.18,0.6,0.8,0,0,0,14.0,2.5649,7
C0979,0,0,0.0002,안전,Platinum,0.1667,0.5455,0.1667,43.83,0.75,1.25,0,0,0,16.0,2.9444,4
C0980,0,0,0.1116,안전,Platinum,0.2857,0.3,0.1429,62.96,0.3333,1.0,1,0,0,18.0,2.0794,4
C0981,0,0,0.0027,안전,Platinum,0.3636,2.3226,0.3636,21.04,0.8889,0.3333,0,0,0,15.0,3.1355,10
C0982,0,0,0.0166,안전,Platinum,1.0,2.4,2.0,48.48,0.3333,0.3333,0,1,0,12.0,1.0986,3
C0983,0,0,0.0003,안전,Platinum,0.6667,5.6875,1.4444,20.91,0.7143,0.7143,0,0,0,16.0,2.3026,3
C0984,0,1,0.8049,위험,Risk,2.0,0.75,1.0,48.44,0.3333,1.3333,0,0,0,14.0,0.6931,3
C0985,0,0,0.3215,관심,Gold,10.0,0.0,0.0,62.76,0.0,2.5,0,0,0,25.0,0.0,2
C0986,0,0,0.0237,안전,Platinum,0.25,0.0,0.0,46.8,0.2,0.4,0,1,0,13.0,2.8332,6
C0987,0,0,1e-04,안전,Platinum,0.08,0.3214,0.12,80.0,1.0,1.0,0,0,0,12.0,3.2581,4
C0988,0,0,0.0393,안전,VIP,10.0,3.6364,40.0,81.74,0.0,2.0,1,0,0,13.0,0.0,1
C0989,0,0,0.0002,안전,Platinum,0.0667,0.0909,0.0333,48.55,0.3333,1.6667,0,0,1,23.0,3.434,4
C0990,0,0,0.2176,관심,Gold,2.0,6.0,8.0,53.59,0.3333,1.6667,0,0,0,13.0,0.6931,2
C0991,0,0,1e-04,안전,Platinum,0.0435,0.24,0.1304,120.0,0.5,1.0,0,1,0,22.0,3.1781,10
C0992,1,1,0.6846,주의,Silver,0.6667,2.0,1.3333,54.68,0.3333,1.6667,0,0,0,14.0,1.3863,2
C0993,0,0,0.0008,안전,Platinum,0.1111,0.1818,0.1111,73.39,0.5,0.5,0,1,0,18.0,2.3026,3
C0994,0,0,0.0385,안전,Platinum,0.1111,0.3636,0.2222,90.04,0.5,2.5,0,0,0,12.0,2.3026,5
C0995,0,0,0.0111,안전,Platinum,1.25,1.1429,0.1667,15.0,0.1875,0.25,1,0,0,13.0,2.5649,7
C0996,0,0,0.0002,안전,Platinum,0.0769,1.7586,0.6538,80.0,0.6667,1.6667,0,0,0,15.0,3.2958,3
C0997,0,0,0.0015,안전,Platinum,0.125,0.7895,0.3125,56.74,0.3333,0.6667,0,1,0,12.0,2.8332,2
C0998,0,0,0.0193,안전,Platinum,0.1538,1.3125,0.5385,80.0,0.3333,1.0,1,0,0,14.0,2.6391,3
C0999,1,1,0.8724,위험,Risk,0.2857,1.931,0.6667,30.54,0.25,1.0,1,0,0,13.0,2.4423,8
C1000,0,0,0.0093,안전,Platinum,0.9333,4.5,0.6,16.0,0.2,0.0667,0,1,0,13.0,2.7726,2
C1001,0,0,0.0068,안전,Platinum,0.8462,0.48,0.0769,16.93,0.3333,0.1667,0,1,0,20.0,2.6391,5
C1002,0,0,0.3062,관심,Gold,0.2857,0.9,0.4286,51.0,0.3333,1.6667,1,0,0,12.0,2.0794,5
C1003,1,1,0.993,고위험,Risk,2.0,5.25,7.0,74.83,0.6667,1.6667,1,0,0,16.0,0.6931,11
C1004,0,0,0.0354,안전,Platinum,0.1667,0.25,0.1667,63.11,0.0,2.0,0,0,0,21.0,1.9459,7
C1005,0,0,0.1045,안전,Platinum,0.0833,0.0,0.0,61.3,0.5,1.5,0,0,0,17.0,2.5649,5
C1006,0,0,0.0255,안전,Platinum,0.1111,0.7143,0.2778,54.03,0.3333,1.0,0,0,0,15.0,2.9444,4
C1007,0,0,0.0,안전,Platinum,0.08,0.1071,0.04,80.0,0.3333,1.3333,0,0,0,19.0,3.2581,5
C1008,0,0,0.0002,안전,Platinum,0.2143,0.4,0.0714,34.29,0.4286,0.7143,0,0,0,15.0,3.3673,8
C1009,0,0,0.0526,안전,Platinum,0.6667,2.5,1.6667,54.28,0.3333,1.6667,0,0,0,15.0,1.3863,3
C1010,0,0,0.0003,안전,Platinum,0.2,2.5714,1.8,81.1,0.5,2.0,0,0,0,17.0,1.7918,2
C1011,0,0,0.0022,안전,Platinum,0.3333,2.6667,1.3333,58.52,0.6667,0.6667,0,1,0,17.0,1.9459,9
C1012,0,0,0.0019,안전,Platinum,0.4,2.4186,0.2667,18.36,0.0,0.2308,0,0,1,13.0,3.434,1
C1013,0,0,0.0006,안전,Platinum,0.5,3.5,3.5,109.68,0.5,1.5,0,0,0,18.0,1.0986,2
C1014,0,0,0.2109,관심,Gold,10.0,1.8182,20.0,65.17,0.0,1.5,0,0,0,12.0,0.0,2
C1015,1,1,0.9967,고위험,Risk,10.0,5.4545,60.0,80.37,0.5,1.5,1,0,0,24.0,0.0,2
C1016,0,0,0.0226,안전,Platinum,0.5,0.4286,0.25,40.32,0.3333,1.3333,0,0,0,18.0,1.6094,2
C1017,0,0,1e-04,안전,Platinum,0.0345,0.1935,0.1034,64.71,0.5,1.5,0,0,0,19.0,3.4012,3
C1018,0,0,0.0245,안전,Platinum,0.619,2.8,0.3333,15.1,0.7143,0.2143,0,0,0,24.0,3.091,4
C1019,1,1,0.8671,위험,Risk,7.0,3.5556,4.0,27.77,0.5,0.625,0,0,0,12.0,0.6931,3
C1020,0,0,0.0009,안전,Platinum,0.25,2.6667,2.0,72.12,0.5,0.5,0,1,0,23.0,1.6094,2
C1021,1,0,0.4699,관심,Gold,1.75,5.3333,2.0,15.03,0.0,0.5,1,0,0,19.0,1.6094,2
C1022,0,0,0.0121,안전,Platinum,0.2105,0.48,0.2105,40.08,0.6667,1.3333,0,0,0,18.0,2.3514,7
C1023,0,0,0.0356,안전,Platinum,0.1538,0.5625,0.2308,60.79,0.3333,1.0,0,0,0,20.0,2.6391,8
C1024,1,1,0.9148,위험,Risk,0.05,0.0,0.0,61.9,0.5,0.5,1,0,0,14.0,3.0445,10
C1025,0,0,0.0129,안전,Platinum,0.3333,2.1538,0.7778,54.66,0.25,0.5,0,1,0,12.0,2.3026,4
C1026,0,0,0.4034,관심,Gold,0.1,0.5,0.3,64.98,0.5,1.5,1,0,0,15.0,2.3979,8
C1027,0,0,0.0094,안전,Platinum,0.1667,0.6,0.25,55.66,0.3333,1.3333,0,0,0,13.0,2.5649,4
C1028,0,0,0.1794,안전,Platinum,0.5714,0.4167,0.1429,30.82,0.6,0.6,1,0,0,12.0,2.0794,3
C1029,1,1,0.9934,고위험,Risk,3.0,2.4,3.0,40.56,0.75,0.25,1,0,0,14.0,0.6931,8
C1030,0,0,0.0643,안전,Platinum,0.0714,0.25,0.1429,61.35,0.0,1.0,0,1,0,14.0,2.7081,4
C1031,0,0,0.0139,안전,Platinum,0.0714,1.25,0.7143,81.15,0.0,0.5,0,1,0,14.0,2.7081,8
C1032,0,0,0.0002,안전,Platinum,0.2143,1.4,0.25,23.41,0.2857,0.5714,1,0,0,14.0,3.3673,4
C1033,0,0,0.0005,안전,Platinum,0.125,0.0,0.0,82.7,0.5,2.0,0,0,0,19.0,2.1972,10
C1034,0,0,0.0004,안전,Platinum,0.0968,0.3429,0.0968,60.0,0.25,0.75,1,0,1,15.0,3.4657,4
C1035,0,0,0.0815,안전,Platinum,0.0909,0.0,0.0,89.3,0.0,1.5,1,0,0,14.0,2.4849,5
C1036,0,0,0.0787,안전,Platinum,0.6667,0.5,0.3333,48.7,0.3333,1.6667,0,0,0,14.0,1.3863,3
C1037,0,0,0.069,안전,Platinum,0.1429,0.6667,0.4286,60.06,0.0,2.0,0,0,0,11.0,2.0794,3
C1038,1,1,0.913,위험,Risk,0.4667,2.4348,0.4667,18.68,0.875,0.5,0,0,0,15.0,2.7726,3
C1039,0,0,0.0018,안전,Platinum,0.6667,3.0,2.0,49.47,0.3333,0.6667,0,1,0,20.0,1.3863,3
C1040,0,0,0.0015,안전,Platinum,0.0667,0.2353,0.1333,76.32,0.0,1.5,0,0,0,16.0,2.7726,3
C1041,0,0,0.0774,안전,Platinum,0.5,0.4286,0.25,49.92,0.6667,1.3333,0,0,0,19.0,1.6094,3
C1042,0,0,0.0026,안전,Platinum,0.6667,1.0,0.6667,52.64,0.6667,1.3333,0,0,0,15.0,1.3863,2
C1043,0,0,0.0026,안전,Platinum,0.75,7.1724,1.0,18.46,0.0769,0.1538,0,1,0,14.0,2.8332,3
C1044,0,0,0.0005,안전,Platinum,0.125,1.4,0.875,70.07,0.0,0.5,1,0,0,25.0,2.1972,2
C1045,1,1,0.9873,고위험,Risk,2.0,2.25,3.0,48.47,0.3333,1.6667,1,0,0,15.0,0.6931,8
C1046,0,0,0.0009,안전,Platinum,0.1667,1.2069,0.2917,44.98,0.2,0.8,0,0,0,16.0,3.2189,6
C1047,1,1,0.8314,위험,Risk,2.0,3.75,5.0,53.26,0.6667,1.3333,0,0,0,12.0,0.6931,2
C1048,1,1,0.9815,고위험,Risk,0.25,0.0,0.0,58.0,0.5,2.5,1,0,0,21.0,1.6094,2
C1049,1,1,0.9976,고위험,Risk,2.0,3.75,5.0,59.35,0.6667,0.6667,1,0,0,14.0,0.6931,10
C1050,0,0,0.0015,안전,Platinum,0.1429,0.1765,0.0714,49.69,0.6667,0.3333,0,1,0,20.0,2.7081,10
C1051,0,0,0.0027,안전,Platinum,1.25,4.2,1.75,20.19,0.1667,0.3333,0,1,0,12.0,1.6094,2
C1052,0,0,0.0053,안전,Platinum,0.5,1.7143,1.0,48.55,0.3333,1.0,0,0,0,22.0,1.6094,2
C1053,0,0,0.2998,관심,Gold,0.5,0.0,0.0,63.21,0.5,1.5,0,0,0,11.0,1.0986,2
C1054,0,0,0.015,안전,VIP,10.0,3.6364,40.0,67.22,0.5,0.5,0,1,0,11.0,0.0,2
C1055,0,0,0.0003,안전,Platinum,0.1852,1.4545,0.2963,40.0,0.8333,0.5,0,0,0,14.0,3.3322,5
C1056,1,1,0.8793,위험,Risk,0.65,3.2941,0.4,17.14,0.3571,0.2857,1,0,0,14.0,3.0445,8
C1057,0,0,0.0017,안전,Platinum,0.5,4.5,4.5,71.6,0.0,1.5,0,0,0,13.0,1.0986,2
C1058,0,0,0.0055,안전,Platinum,0.1111,0.2857,0.1111,80.0,0.6667,0.6667,1,0,0,14.0,2.9444,6
C1059,0,0,0.0606,안전,VIP,2.3333,2.9091,1.3333,24.27,0.25,0.25,0,1,0,12.0,1.3863,3
C1060,0,0,0.0004,안전,Platinum,0.037,0.0,0.0,68.9,0.5,1.5,0,0,0,11.0,3.3322,8
C1061,0,0,0.1638,안전,Platinum,0.4286,1.0909,0.4286,47.23,0.75,1.25,0,0,0,14.0,2.0794,4
C1062,0,0,0.0007,안전,Platinum,0.5517,0.3696,0.0345,14.12,0.1765,0.2353,1,0,0,16.0,3.4012,3
C1063,0,0,0.0291,안전,Platinum,0.25,0.8182,0.375,49.1,0.3333,1.0,0,0,0,19.0,2.1972,8
C1064,0,0,1e-04,안전,Platinum,0.0455,0.0,0.0,120.0,0.5,1.5,0,0,0,13.0,3.1355,3
C1065,0,0,0.0292,안전,Platinum,0.1538,0.375,0.1538,42.7,0.0,1.0,0,0,0,14.0,2.6391,3
C1066,0,0,0.0035,안전,Platinum,1.3333,4.8,1.3333,18.36,0.6667,0.3333,0,0,0,13.0,1.9459,11
C1067,0,0,0.0906,안전,Platinum,2.0,2.25,3.0,52.65,0.6667,1.3333,0,0,0,14.0,0.6931,3
C1068,0,0,0.0141,안전,Platinum,0.25,1.0909,0.5,60.71,0.3333,1.0,0,0,0,21.0,2.1972,3
C1069,0,0,0.0121,안전,Platinum,0.5,5.0,1.625,34.52,0.6,1.0,0,0,0,19.0,2.1972,5
C1070,1,1,0.9755,고위험,Risk,60.0,0.0,0.0,29.01,0.5714,0.7143,0,0,0,17.0,0.0,10
C1071,0,0,0.0082,안전,Platinum,0.2,0.9231,0.4,48.38,0.3333,1.3333,0,0,0,12.0,2.3979,4
C1072,0,0,0.0062,안전,Platinum,0.3333,0.8,0.6667,98.34,0.0,1.5,0,0,0,14.0,1.3863,10
C1073,0,0,0.0,안전,Platinum,0.069,0.2812,0.1034,80.0,0.3333,0.6667,1,0,0,14.0,3.4012,4
C1074,1,1,0.8607,위험,Risk,2.0,7.5,10.0,67.13,0.3333,0.3333,0,1,0,23.0,0.6931,3
C1075,0,0,0.0601,안전,Platinum,0.5714,2.3478,0.4286,23.22,0.6667,0.5556,0,0,0,15.0,2.7081,3
C1076,0,0,0.0455,안전,Platinum,0.5714,2.3478,0.4286,23.22,0.4444,0.5556,0,0,0,15.0,2.7081,3
C1077,0,0,0.0145,안전,Platinum,0.4545,1.4118,0.3636,31.58,0.8333,0.6667,0,0,0,13.0,2.4849,8
C1078,0,0,0.0026,안전,Platinum,0.6,1.3333,0.6,37.99,0.75,0.25,1,0,0,19.0,1.7918,2
C1079,0,0,1e-04,안전,Platinum,0.0667,0.7273,0.2667,49.67,0.3333,1.0,0,0,1,24.0,3.434,1
C1080,1,1,0.9938,고위험,Risk,2.0,0.75,1.0,46.2,0.3333,1.0,0,0,0,13.0,0.6931,3
C1081,0,0,0.0016,안전,Platinum,0.0625,0.0,0.0,73.82,0.5,2.0,0,0,0,21.0,2.8332,5
C1082,0,0,0.3854,관심,Gold,10.0,1.8182,20.0,67.98,0.0,2.0,0,0,0,22.0,0.0,9
C1083,0,0,0.0033,안전,Platinum,1.4,4.9231,1.6,20.2,0.625,0.125,1,0,0,22.0,1.7918,2
C1084,0,0,0.001,안전,Platinum,0.6667,4.5,3.0,52.1,0.3333,0.6667,0,1,0,14.0,1.3863,3
C1085,0,0,0.0037,안전,Platinum,0.1,1.1739,0.45,60.91,0.6667,0.3333,1,0,0,22.0,3.0445,6
C1086,0,0,0.0053,안전,Platinum,0.1818,0.8571,0.3636,55.63,0.6667,1.3333,0,0,0,15.0,2.4849,3
C1087,0,0,0.0454,안전,Platinum,0.25,0.6667,0.5,61.13,0.5,2.0,0,0,0,11.0,1.6094,2
C1088,0,0,0.0034,안전,Platinum,0.3333,2.7692,1.0,31.3,0.5,0.75,0,0,0,21.0,2.3026,5
C1089,0,0,0.0032,안전,Platinum,0.2143,0.6667,0.2143,38.27,0.25,0.75,0,0,0,15.0,2.7081,4
C1090,0,0,0.0005,안전,Platinum,0.1176,0.45,0.1765,53.11,0.3333,1.3333,0,0,0,12.0,2.8904,10
C1091,0,0,0.039,안전,Platinum,0.4444,2.6667,0.4444,16.12,0.7778,0.2222,0,1,0,14.0,2.9444,3
C1092,0,0,0.0047,안전,Platinum,0.0667,0.1176,0.0667,120.0,0.5,0.5,0,1,0,14.0,2.7726,9
C1093,0,0,0.0084,안전,Platinum,0.125,0.8,0.5,71.61,0.0,1.5,0,0,0,17.0,2.1972,2
C1094,0,0,0.0476,안전,Platinum,0.1429,1.4118,0.5714,49.04,0.3333,1.0,1,0,0,14.0,2.7081,5
C1095,0,0,0.0179,안전,Platinum,0.0909,0.3077,0.1818,70.99,0.5,2.0,0,0,0,12.0,2.4849,3
C1096,0,0,0.2278,관심,Gold,10.0,0.9091,10.0,67.12,0.0,2.5,0,0,0,13.0,0.0,8
C1097,0,0,0.001,안전,Platinum,0.069,0.6562,0.2414,75.8,0.3333,0.3333,0,1,0,15.0,3.4012,5
C1098,0,0,0.0052,안전,Platinum,0.6667,3.5,2.3333,62.95,0.3333,1.0,0,0,0,18.0,1.3863,10
C1099,0,0,0.0006,안전,Platinum,0.0345,0.0,0.0,76.9,0.0,2.5,0,0,0,16.0,3.4012,5
C1100,0,0,0.0003,안전,Platinum,0.069,0.8437,0.3103,59.72,0.6667,0.6667,1,0,0,20.0,3.4012,5
C1101,1,1,0.6795,주의,Silver,2.0,2.25,3.0,48.93,0.6667,0.3333,0,1,0,12.0,0.6931,8
C1102,0,0,0.0144,안전,Platinum,0.7,3.1111,0.7,17.42,0.125,0.5,0,0,0,11.0,2.3979,2
C1103,0,0,0.0024,안전,VIP,3.0,5.3846,2.3333,22.48,0.7,0.5,0,0,0,12.0,1.3863,3
C1104,0,0,0.0156,안전,Platinum,0.0833,0.5714,0.3333,60.48,0.5,0.5,0,1,0,15.0,2.5649,5
C1105,0,0,0.0007,안전,Platinum,0.4444,3.9,0.4444,18.46,0.0769,0.0769,0,1,0,20.0,3.3322,4
C1106,0,0,0.0007,안전,Platinum,0.1667,0.2,0.0833,52.69,0.3333,1.0,0,0,0,20.0,2.5649,9
C1107,0,0,0.0013,안전,Platinum,0.5,3.5,3.5,120.0,0.5,0.5,0,1,0,14.0,1.0986,4
C1108,0,0,0.066,안전,Platinum,0.25,0.0,0.0,61.37,0.5,1.5,0,0,0,14.0,1.6094,2
C1109,0,0,0.2444,관심,Gold,0.1667,1.2727,0.3889,56.77,0.25,0.75,1,0,0,19.0,2.9444,7
C1110,0,0,0.343,관심,Gold,3.0,0.8,1.0,42.0,0.25,1.25,0,0,0,20.0,0.6931,7
C1111,0,0,0.1343,안전,Platinum,0.1818,0.8571,0.3636,73.67,0.3333,1.0,1,0,0,12.0,2.4849,6
C1112,1,1,0.9682,고위험,Risk,2.0,0.75,1.0,50.95,0.3333,0.6667,0,1,0,15.0,0.6931,9
C1113,0,0,0.1492,안전,Platinum,2.0,5.5385,2.0,21.96,0.5556,0.3333,0,0,0,12.0,1.6094,7
C1114,1,1,0.9013,위험,Risk,10.0,1.8182,20.0,68.65,0.0,1.5,1,0,0,14.0,0.0,1
C1115,0,0,0.0102,안전,Platinum,0.6667,1.5,1.0,57.16,0.6667,1.0,0,0,0,15.0,1.3863,3
C1116,0,0,0.0121,안전,Platinum,0.7,3.5556,0.8,24.29,0.75,0.375,0,0,0,15.0,2.3979,2
C1117,1,1,0.9914,고위험,Risk,10.0,0.0,0.0,63.7,0.0,1.5,1,0,0,11.0,0.0,1
C1118,0,0,0.0035,안전,Platinum,0.05,0.1818,0.1,67.1,0.5,1.0,0,1,0,12.0,3.0445,8
C1119,0,0,0.0026,안전,Platinum,0.1333,0.1667,0.0667,50.94,0.3333,0.3333,0,1,0,23.0,2.7726,5
C1120,0,0,0.0026,안전,Platinum,0.1667,0.4,0.1667,80.0,0.3333,1.3333,0,0,0,18.0,2.5649,5
C1121,0,0,0.0003,안전,Platinum,0.0556,0.8,0.4444,72.24,0.5,2.0,0,0,0,12.0,2.9444,2
C1122,0,0,0.186,안전,Platinum,0.375,0.3333,0.125,40.79,0.75,0.75,1,0,0,18.0,2.1972,3
C1123,0,0,0.0026,안전,Platinum,0.0556,0.4,0.2222,78.84,0.0,2.5,1,0,0,14.0,2.9444,2
C1124,0,0,0.0388,안전,Platinum,0.6667,0.5,0.3333,63.74,0.6667,0.3333,1,0,0,12.0,1.3863,3
C1125,0,0,0.0043,안전,Platinum,0.1429,0.4444,0.2857,68.68,0.5,0.5,0,1,0,19.0,2.0794,1
C1126,0,0,0.0164,안전,Platinum,0.3333,1.2308,0.4444,44.11,0.75,0.25,0,1,0,19.0,2.3026,1
